time_stamp,temperature
2025-04-14T00:00:00-04:00,62
2025-04-14T00:10:00-04:00,62
2025-04-14T00:20:00-04:00,61
2025-04-14T00:30:00-04:00,60
2025-04-14T00:40:00-04:00,60.6
2025-04-14T00:50:00-04:00,61
2025-04-14T01:00:00-04:00,60.399
2025-04-14T01:10:00-04:00,60.6
2025-04-14T01:20:00-04:00,60.2
2025-04-14T01:30:00-04:00,59.6
2025-04-14T01:40:00-04:00,59.2
2025-04-14T01:50:00-04:00,59.799
2025-04-14T02:00:00-04:00,60.2
2025-04-14T02:10:00-04:00,60.6
2025-04-14T02:20:00-04:00,60.399
2025-04-14T02:30:00-04:00,60
2025-04-14T02:40:00-04:00,58
2025-04-14T02:50:00-04:00,58
2025-04-14T03:00:00-04:00,57.6
2025-04-14T03:10:00-04:00,57.799
2025-04-14T03:20:00-04:00,57.799
2025-04-14T03:30:00-04:00,57.399
2025-04-14T03:40:00-04:00,58
2025-04-14T03:50:00-04:00,57.6
2025-04-14T04:00:00-04:00,57.799
2025-04-14T04:10:00-04:00,57
2025-04-14T04:20:00-04:00,57
2025-04-14T04:30:00-04:00,57
2025-04-14T04:40:00-04:00,56.799
2025-04-14T04:50:00-04:00,57.6
2025-04-14T05:00:00-04:00,57.6
2025-04-14T05:10:00-04:00,57.2
2025-04-14T05:20:00-04:00,57.2
2025-04-14T05:30:00-04:00,57.2
2025-04-14T05:40:00-04:00,57
2025-04-14T05:50:00-04:00,56.399
2025-04-14T06:00:00-04:00,56.799
2025-04-14T06:10:00-04:00,56.6
2025-04-14T06:20:00-04:00,56.799
2025-04-14T06:30:00-04:00,57
2025-04-14T06:40:00-04:00,57.2
2025-04-14T06:50:00-04:00,57
2025-04-14T07:00:00-04:00,57
2025-04-14T07:10:00-04:00,57.399
2025-04-14T07:20:00-04:00,58.2
2025-04-14T07:30:00-04:00,58.799
2025-04-14T07:40:00-04:00,58.799
2025-04-14T07:50:00-04:00,59
2025-04-14T08:00:00-04:00,58.799
2025-04-14T08:10:00-04:00,59.799
2025-04-14T08:20:00-04:00,60.399
2025-04-14T08:30:00-04:00,61
2025-04-14T08:40:00-04:00,61.799
2025-04-14T08:50:00-04:00,62
2025-04-14T09:00:00-04:00,62.799
2025-04-14T09:10:00-04:00,63.2
2025-04-14T09:20:00-04:00,65
2025-04-14T09:30:00-04:00,66.2
2025-04-14T09:40:00-04:00,67
2025-04-14T09:50:00-04:00,68.4
2025-04-14T10:00:00-04:00,69.2
2025-04-14T10:10:00-04:00,73
2025-04-14T10:20:00-04:00,77.2
2025-04-14T10:30:00-04:00,77.4
2025-04-14T10:40:00-04:00,78.2
2025-04-14T10:50:00-04:00,78.799
2025-04-14T11:00:00-04:00,77.4
2025-04-14T11:10:00-04:00,76.2
2025-04-14T11:20:00-04:00,75.2
2025-04-14T11:30:00-04:00,76
2025-04-14T11:40:00-04:00,75.799
2025-04-14T11:50:00-04:00,75.799
2025-04-14T12:00:00-04:00,76
2025-04-14T12:10:00-04:00,76.2
2025-04-14T12:20:00-04:00,76.2
2025-04-14T12:30:00-04:00,76
2025-04-14T12:40:00-04:00,76
2025-04-14T12:50:00-04:00,76
2025-04-14T13:00:00-04:00,75.599
2025-04-14T13:10:00-04:00,76
2025-04-14T13:20:00-04:00,76
2025-04-14T13:30:00-04:00,76.2
2025-04-14T13:40:00-04:00,76.799
2025-04-14T13:50:00-04:00,76.599
2025-04-14T14:00:00-04:00,77.2
2025-04-14T14:10:00-04:00,77.2
2025-04-14T14:20:00-04:00,78
2025-04-14T14:30:00-04:00,77.599
2025-04-14T14:40:00-04:00,78.2
2025-04-14T14:50:00-04:00,78
2025-04-14T15:00:00-04:00,78
2025-04-14T15:10:00-04:00,78
2025-04-14T15:20:00-04:00,78.4
2025-04-14T15:30:00-04:00,79
2025-04-14T15:40:00-04:00,79
2025-04-14T15:50:00-04:00,79.2
2025-04-14T16:00:00-04:00,79.2
2025-04-14T16:10:00-04:00,79.4
2025-04-14T16:20:00-04:00,79.599
2025-04-14T16:30:00-04:00,79.4
2025-04-14T16:40:00-04:00,79.4
2025-04-14T16:50:00-04:00,80
2025-04-14T17:00:00-04:00,79.799
2025-04-14T17:10:00-04:00,79
2025-04-14T17:20:00-04:00,79.2
2025-04-14T17:30:00-04:00,79
2025-04-14T17:40:00-04:00,79
2025-04-14T17:50:00-04:00,78.799
2025-04-14T18:00:00-04:00,78.599
2025-04-14T18:10:00-04:00,79.2
2025-04-14T18:20:00-04:00,78.799
2025-04-14T18:30:00-04:00,78.599
2025-04-14T18:40:00-04:00,79
2025-04-14T18:50:00-04:00,79
2025-04-14T19:00:00-04:00,78.4
2025-04-14T19:10:00-04:00,78.2
2025-04-14T19:20:00-04:00,78
2025-04-14T19:30:00-04:00,78
2025-04-14T19:40:00-04:00,78
2025-04-14T19:50:00-04:00,77.599
2025-04-14T20:00:00-04:00,77.2
2025-04-14T20:10:00-04:00,77
2025-04-14T20:20:00-04:00,77
2025-04-14T20:30:00-04:00,77
2025-04-14T20:40:00-04:00,76.799
2025-04-14T20:50:00-04:00,77
2025-04-14T21:00:00-04:00,77
2025-04-14T21:10:00-04:00,76
2025-04-14T21:20:00-04:00,75.599
2025-04-14T21:30:00-04:00,75.4
2025-04-14T21:40:00-04:00,75
2025-04-14T21:50:00-04:00,74.599
2025-04-14T22:00:00-04:00,74
2025-04-14T22:10:00-04:00,73.599
2025-04-14T22:20:00-04:00,73
2025-04-14T22:30:00-04:00,73
2025-04-14T22:40:00-04:00,72.4
2025-04-14T22:50:00-04:00,72
2025-04-14T23:00:00-04:00,71.599
2025-04-14T23:10:00-04:00,71.4
2025-04-14T23:20:00-04:00,71.4
2025-04-14T23:30:00-04:00,71.2
2025-04-14T23:40:00-04:00,71
2025-04-14T23:50:00-04:00,71
2025-04-15T00:00:00-04:00,71.2
2025-04-15T00:10:00-04:00,71
2025-04-15T00:20:00-04:00,71
2025-04-15T00:30:00-04:00,70.4
2025-04-15T00:40:00-04:00,70.2
2025-04-15T00:50:00-04:00,70
2025-04-15T01:00:00-04:00,69.599
2025-04-15T01:10:00-04:00,69.4
2025-04-15T01:20:00-04:00,69.4
2025-04-15T01:30:00-04:00,69.599
2025-04-15T01:40:00-04:00,69.4
2025-04-15T01:50:00-04:00,69
2025-04-15T02:00:00-04:00,69
2025-04-15T02:10:00-04:00,68.2
2025-04-15T02:20:00-04:00,68
2025-04-15T02:30:00-04:00,67.4
2025-04-15T02:40:00-04:00,67
2025-04-15T02:50:00-04:00,66.599
2025-04-15T03:00:00-04:00,66
2025-04-15T03:10:00-04:00,65.4
2025-04-15T03:20:00-04:00,64.799
2025-04-15T03:30:00-04:00,64.799
2025-04-15T03:40:00-04:00,64.799
2025-04-15T03:50:00-04:00,64.2
2025-04-15T04:00:00-04:00,64
2025-04-15T04:10:00-04:00,64.4
2025-04-15T04:20:00-04:00,64
2025-04-15T04:30:00-04:00,63.799
2025-04-15T04:40:00-04:00,63.6
2025-04-15T04:50:00-04:00,63.2
2025-04-15T05:00:00-04:00,63
2025-04-15T05:10:00-04:00,63.2
2025-04-15T05:20:00-04:00,63
2025-04-15T05:30:00-04:00,63
2025-04-15T05:40:00-04:00,62.799
2025-04-15T05:50:00-04:00,62.6
2025-04-15T06:00:00-04:00,62.2
2025-04-15T06:10:00-04:00,62.2
2025-04-15T06:20:00-04:00,62.2
2025-04-15T06:30:00-04:00,61.799
2025-04-15T06:40:00-04:00,62
2025-04-15T06:50:00-04:00,61.2
2025-04-15T07:00:00-04:00,61
2025-04-15T07:10:00-04:00,61.799
2025-04-15T07:20:00-04:00,61.6
2025-04-15T07:30:00-04:00,61.2
2025-04-15T07:40:00-04:00,61.2
2025-04-15T07:50:00-04:00,61.2
2025-04-15T08:00:00-04:00,61.2
2025-04-15T08:10:00-04:00,61.399
2025-04-15T08:20:00-04:00,61.799
2025-04-15T08:30:00-04:00,62.2
2025-04-15T08:40:00-04:00,62.399
2025-04-15T08:50:00-04:00,62.399
2025-04-15T09:00:00-04:00,65.4
2025-04-15T09:10:00-04:00,64.799
2025-04-15T09:20:00-04:00,62.6
2025-04-15T09:30:00-04:00,60.2
2025-04-15T09:40:00-04:00,59.2
2025-04-15T09:50:00-04:00,57.6
2025-04-15T10:00:00-04:00,57.2
2025-04-15T10:10:00-04:00,57.6
2025-04-15T10:20:00-04:00,58.2
2025-04-15T10:30:00-04:00,60.2
2025-04-15T10:40:00-04:00,66.2
2025-04-15T10:50:00-04:00,66.4
2025-04-15T11:00:00-04:00,67.599
2025-04-15T11:10:00-04:00,68.799
2025-04-15T11:20:00-04:00,70
2025-04-15T11:30:00-04:00,66.599
2025-04-15T11:40:00-04:00,65.799
2025-04-15T11:50:00-04:00,63.399
2025-04-15T12:00:00-04:00,61.399
2025-04-15T12:10:00-04:00,62.799
2025-04-15T12:20:00-04:00,61.6
2025-04-15T12:30:00-04:00,61.399
2025-04-15T12:40:00-04:00,60.399
2025-04-15T12:50:00-04:00,61.399
2025-04-15T13:00:00-04:00,61.399
2025-04-15T13:10:00-04:00,60.799
2025-04-15T13:20:00-04:00,61
2025-04-15T13:30:00-04:00,61.2
2025-04-15T13:40:00-04:00,59.399
2025-04-15T13:50:00-04:00,59.799
2025-04-15T14:00:00-04:00,60.6
2025-04-15T14:10:00-04:00,60
2025-04-15T14:20:00-04:00,60.6
2025-04-15T14:30:00-04:00,59.2
2025-04-15T14:40:00-04:00,59
2025-04-15T14:50:00-04:00,58.399
2025-04-15T15:00:00-04:00,57
2025-04-15T15:10:00-04:00,56.799
2025-04-15T15:20:00-04:00,55
2025-04-15T15:30:00-04:00,55.6
2025-04-15T15:40:00-04:00,55.2
2025-04-15T15:50:00-04:00,55.799
2025-04-15T16:00:00-04:00,55.799
2025-04-15T16:10:00-04:00,53
2025-04-15T16:20:00-04:00,52.2
2025-04-15T16:30:00-04:00,52.6
2025-04-15T16:40:00-04:00,52.6
2025-04-15T16:50:00-04:00,52.2
2025-04-15T17:00:00-04:00,52.399
2025-04-15T17:10:00-04:00,51.799
2025-04-15T17:20:00-04:00,52.399
2025-04-15T17:30:00-04:00,52.799
2025-04-15T17:40:00-04:00,53.399
2025-04-15T17:50:00-04:00,53.2
2025-04-15T18:00:00-04:00,53
2025-04-15T18:10:00-04:00,53
2025-04-15T18:20:00-04:00,53
2025-04-15T18:30:00-04:00,53.2
2025-04-15T18:40:00-04:00,52.799
2025-04-15T18:50:00-04:00,53
2025-04-15T19:00:00-04:00,52.799
2025-04-15T19:10:00-04:00,52.399
2025-04-15T19:20:00-04:00,52.6
2025-04-15T19:30:00-04:00,52.799
2025-04-15T19:40:00-04:00,52.6
2025-04-15T19:50:00-04:00,52.2
2025-04-15T20:00:00-04:00,52
2025-04-15T20:10:00-04:00,51.799
2025-04-15T20:20:00-04:00,51.6
2025-04-15T20:30:00-04:00,51.799
2025-04-15T20:40:00-04:00,51
2025-04-15T20:50:00-04:00,51
2025-04-15T21:00:00-04:00,51
2025-04-15T21:10:00-04:00,50.6
2025-04-15T21:20:00-04:00,50.799
2025-04-15T21:30:00-04:00,50.2
2025-04-15T21:40:00-04:00,50
2025-04-15T21:50:00-04:00,50.399
2025-04-15T22:00:00-04:00,50.6
2025-04-15T22:10:00-04:00,50
2025-04-15T22:20:00-04:00,49.799
2025-04-15T22:30:00-04:00,50
2025-04-15T22:40:00-04:00,49.799
2025-04-15T22:50:00-04:00,50.2
2025-04-15T23:00:00-04:00,50
2025-04-15T23:10:00-04:00,49.799
2025-04-15T23:20:00-04:00,50
2025-04-15T23:30:00-04:00,50
2025-04-15T23:40:00-04:00,50
2025-04-15T23:50:00-04:00,49.399
2025-04-16T00:00:00-04:00,49.6
2025-04-16T00:10:00-04:00,49.6
2025-04-16T00:20:00-04:00,49.2
2025-04-16T00:30:00-04:00,49
2025-04-16T00:40:00-04:00,49
2025-04-16T00:50:00-04:00,49.2
2025-04-16T01:00:00-04:00,50
2025-04-16T01:10:00-04:00,49.799
2025-04-16T01:20:00-04:00,49.799
2025-04-16T01:30:00-04:00,50
2025-04-16T01:40:00-04:00,50
2025-04-16T01:50:00-04:00,50
2025-04-16T02:00:00-04:00,50
2025-04-16T02:10:00-04:00,50
2025-04-16T02:20:00-04:00,49.399
2025-04-16T02:30:00-04:00,49.799
2025-04-16T02:40:00-04:00,49.2
2025-04-16T02:50:00-04:00,49
2025-04-16T03:00:00-04:00,49.399
2025-04-16T03:10:00-04:00,49.799
2025-04-16T03:20:00-04:00,49
2025-04-16T03:30:00-04:00,49
2025-04-16T03:40:00-04:00,49
2025-04-16T03:50:00-04:00,48.6
2025-04-16T04:00:00-04:00,49
2025-04-16T04:10:00-04:00,48.799
2025-04-16T04:20:00-04:00,48.6
2025-04-16T04:30:00-04:00,48.799
2025-04-16T04:40:00-04:00,49
2025-04-16T04:50:00-04:00,49
2025-04-16T05:00:00-04:00,49
2025-04-16T05:10:00-04:00,49
2025-04-16T05:20:00-04:00,49
2025-04-16T05:30:00-04:00,49
2025-04-16T05:40:00-04:00,48.799
2025-04-16T05:50:00-04:00,48.6
2025-04-16T06:00:00-04:00,49
2025-04-16T06:10:00-04:00,49
2025-04-16T06:20:00-04:00,49
2025-04-16T06:30:00-04:00,49
2025-04-16T06:40:00-04:00,48.6
2025-04-16T06:50:00-04:00,49
2025-04-16T07:00:00-04:00,49
2025-04-16T07:10:00-04:00,49
2025-04-16T07:20:00-04:00,49
2025-04-16T07:30:00-04:00,49.399
2025-04-16T07:40:00-04:00,49.6
2025-04-16T07:50:00-04:00,49.6
2025-04-16T08:00:00-04:00,49
2025-04-16T08:10:00-04:00,49
2025-04-16T08:20:00-04:00,49.2
2025-04-16T08:30:00-04:00,49.799
2025-04-16T08:40:00-04:00,50.399
2025-04-16T08:50:00-04:00,53
2025-04-16T09:00:00-04:00,51.6
2025-04-16T09:10:00-04:00,51.6
2025-04-16T09:20:00-04:00,51.399
2025-04-16T09:30:00-04:00,51.799
2025-04-16T09:40:00-04:00,51.6
2025-04-16T09:50:00-04:00,51
2025-04-16T10:00:00-04:00,50.6
2025-04-16T10:10:00-04:00,51
2025-04-16T10:20:00-04:00,51.2
2025-04-16T10:30:00-04:00,52
2025-04-16T10:40:00-04:00,53
2025-04-16T10:50:00-04:00,54.6
2025-04-16T11:00:00-04:00,57.799
2025-04-16T11:10:00-04:00,57.399
2025-04-16T11:20:00-04:00,59.399
2025-04-16T11:30:00-04:00,57.2
2025-04-16T11:40:00-04:00,57.799
2025-04-16T11:50:00-04:00,57.6
2025-04-16T12:00:00-04:00,57.799
2025-04-16T12:10:00-04:00,57.2
2025-04-16T12:20:00-04:00,57.6
2025-04-16T12:30:00-04:00,56.799
2025-04-16T12:40:00-04:00,57.6
2025-04-16T12:50:00-04:00,56.799
2025-04-16T13:00:00-04:00,57
2025-04-16T13:10:00-04:00,57.399
2025-04-16T13:20:00-04:00,57
2025-04-16T13:30:00-04:00,56.799
2025-04-16T13:40:00-04:00,56.2
2025-04-16T13:50:00-04:00,57.6
2025-04-16T14:00:00-04:00,58
2025-04-16T14:10:00-04:00,58.2
2025-04-16T14:20:00-04:00,58.2
2025-04-16T14:30:00-04:00,58
2025-04-16T14:40:00-04:00,58
2025-04-16T14:50:00-04:00,58.2
2025-04-16T15:00:00-04:00,58.2
2025-04-16T15:10:00-04:00,58.2
2025-04-16T15:20:00-04:00,58
2025-04-16T15:30:00-04:00,58.399
2025-04-16T15:40:00-04:00,59
2025-04-16T15:50:00-04:00,59.399
2025-04-16T16:00:00-04:00,58.799
2025-04-16T16:10:00-04:00,58.799
2025-04-16T16:20:00-04:00,59
2025-04-16T16:30:00-04:00,58.6
2025-04-16T16:40:00-04:00,58.799
2025-04-16T16:50:00-04:00,58.799
2025-04-16T17:00:00-04:00,58.2
2025-04-16T17:10:00-04:00,58
2025-04-16T17:20:00-04:00,58.6
2025-04-16T17:30:00-04:00,58
2025-04-16T17:40:00-04:00,58.6
2025-04-16T17:50:00-04:00,58.2
2025-04-16T18:00:00-04:00,57.799
2025-04-16T18:10:00-04:00,57.6
2025-04-16T18:20:00-04:00,57
2025-04-16T18:30:00-04:00,57
2025-04-16T18:40:00-04:00,57
2025-04-16T18:50:00-04:00,56.6
2025-04-16T19:00:00-04:00,56
2025-04-16T19:10:00-04:00,55.6
2025-04-16T19:20:00-04:00,55.399
2025-04-16T19:30:00-04:00,55
2025-04-16T19:40:00-04:00,55.2
2025-04-16T19:50:00-04:00,55
2025-04-16T20:00:00-04:00,54.399
2025-04-16T20:10:00-04:00,54.399
2025-04-16T20:20:00-04:00,54
2025-04-16T20:30:00-04:00,53.399
2025-04-16T20:40:00-04:00,53.2
2025-04-16T20:50:00-04:00,53
2025-04-16T21:00:00-04:00,52.6
2025-04-16T21:10:00-04:00,52
2025-04-16T21:20:00-04:00,52
2025-04-16T21:30:00-04:00,52
2025-04-16T21:40:00-04:00,51.799
2025-04-16T21:50:00-04:00,51.2
2025-04-16T22:00:00-04:00,51.2
2025-04-16T22:10:00-04:00,51
2025-04-16T22:20:00-04:00,51.2
2025-04-16T22:30:00-04:00,50.799
2025-04-16T22:40:00-04:00,50
2025-04-16T22:50:00-04:00,50.2
2025-04-16T23:00:00-04:00,50
2025-04-16T23:10:00-04:00,50.2
2025-04-16T23:20:00-04:00,49.799
2025-04-16T23:30:00-04:00,49.6
2025-04-16T23:40:00-04:00,49
2025-04-16T23:50:00-04:00,49
2025-04-17T00:00:00-04:00,49
2025-04-17T00:10:00-04:00,48.799
2025-04-17T00:20:00-04:00,48.6
2025-04-17T00:30:00-04:00,48.2
2025-04-17T00:40:00-04:00,48
2025-04-17T00:50:00-04:00,48.399
2025-04-17T01:00:00-04:00,48
2025-04-17T01:10:00-04:00,48
2025-04-17T01:20:00-04:00,48
2025-04-17T01:30:00-04:00,47.799
2025-04-17T01:40:00-04:00,47
2025-04-17T01:50:00-04:00,47
2025-04-17T02:00:00-04:00,47.2
2025-04-17T02:10:00-04:00,47
2025-04-17T02:20:00-04:00,47
2025-04-17T02:30:00-04:00,47.2
2025-04-17T02:40:00-04:00,47
2025-04-17T02:50:00-04:00,46.399
2025-04-17T03:00:00-04:00,46
2025-04-17T03:10:00-04:00,46
2025-04-17T03:20:00-04:00,46
2025-04-17T03:30:00-04:00,45.2
2025-04-17T03:40:00-04:00,45
2025-04-17T03:50:00-04:00,45
2025-04-17T04:00:00-04:00,45
2025-04-17T04:10:00-04:00,45
2025-04-17T04:20:00-04:00,44.2
2025-04-17T04:30:00-04:00,44
2025-04-17T04:40:00-04:00,44
2025-04-17T04:50:00-04:00,44.399
2025-04-17T05:00:00-04:00,44
2025-04-17T05:10:00-04:00,44
2025-04-17T05:20:00-04:00,44
2025-04-17T05:30:00-04:00,43.799
2025-04-17T05:40:00-04:00,44
2025-04-17T05:50:00-04:00,43.2
2025-04-17T06:00:00-04:00,43.2
2025-04-17T06:10:00-04:00,43
2025-04-17T06:20:00-04:00,43
2025-04-17T06:30:00-04:00,43
2025-04-17T06:40:00-04:00,43
2025-04-17T06:50:00-04:00,43
2025-04-17T07:00:00-04:00,43.2
2025-04-17T07:10:00-04:00,43.399
2025-04-17T07:20:00-04:00,44.399
2025-04-17T07:30:00-04:00,45.6
2025-04-17T07:40:00-04:00,48.399
2025-04-17T07:50:00-04:00,52
2025-04-17T08:00:00-04:00,55.799
2025-04-17T08:10:00-04:00,59.799
2025-04-17T08:20:00-04:00,61.799
2025-04-17T08:30:00-04:00,65
2025-04-17T08:40:00-04:00,67
2025-04-17T08:50:00-04:00,68.799
2025-04-17T09:00:00-04:00,69.2
2025-04-17T09:10:00-04:00,70.4
2025-04-17T09:20:00-04:00,71.799
2025-04-17T09:30:00-04:00,73.2
2025-04-17T09:40:00-04:00,73.799
2025-04-17T09:50:00-04:00,74.4
2025-04-17T10:00:00-04:00,75.799
2025-04-17T10:10:00-04:00,75.4
2025-04-17T10:20:00-04:00,76.4
2025-04-17T10:30:00-04:00,77.599
2025-04-17T10:40:00-04:00,78
2025-04-17T10:50:00-04:00,78
2025-04-17T11:00:00-04:00,78.4
2025-04-17T11:10:00-04:00,78.799
2025-04-17T11:20:00-04:00,77
2025-04-17T11:30:00-04:00,74.599
2025-04-17T11:40:00-04:00,72.799
2025-04-17T11:50:00-04:00,70.4
2025-04-17T12:00:00-04:00,68.799
2025-04-17T12:10:00-04:00,67.2
2025-04-17T12:20:00-04:00,66
2025-04-17T12:30:00-04:00,65.2
2025-04-17T12:40:00-04:00,64.599
2025-04-17T12:50:00-04:00,64.799
2025-04-17T13:00:00-04:00,64.2
2025-04-17T13:10:00-04:00,63.799
2025-04-17T13:20:00-04:00,64.4
2025-04-17T13:30:00-04:00,64.2
2025-04-17T13:40:00-04:00,64.599
2025-04-17T13:50:00-04:00,65
2025-04-17T14:00:00-04:00,65.2
2025-04-17T14:10:00-04:00,64.4
2025-04-17T14:20:00-04:00,65
2025-04-17T14:30:00-04:00,65
2025-04-17T14:40:00-04:00,64.4
2025-04-17T14:50:00-04:00,64.799
2025-04-17T15:00:00-04:00,65
2025-04-17T15:10:00-04:00,65
2025-04-17T15:20:00-04:00,65.4
2025-04-17T15:30:00-04:00,65.799
2025-04-17T15:40:00-04:00,65.599
2025-04-17T15:50:00-04:00,66
2025-04-17T16:00:00-04:00,66
2025-04-17T16:10:00-04:00,66.2
2025-04-17T16:20:00-04:00,65.4
2025-04-17T16:30:00-04:00,66
2025-04-17T16:40:00-04:00,66
2025-04-17T16:50:00-04:00,66.2
2025-04-17T17:00:00-04:00,66.4
2025-04-17T17:10:00-04:00,67
2025-04-17T17:20:00-04:00,66.799
2025-04-17T17:30:00-04:00,67
2025-04-17T17:40:00-04:00,68
2025-04-17T17:50:00-04:00,67.599
2025-04-17T18:00:00-04:00,67.2
2025-04-17T18:10:00-04:00,67.799
2025-04-17T18:20:00-04:00,67
2025-04-17T18:30:00-04:00,67
2025-04-17T18:40:00-04:00,67
2025-04-17T18:50:00-04:00,66.799
2025-04-17T19:00:00-04:00,66
2025-04-17T19:10:00-04:00,66.2
2025-04-17T19:20:00-04:00,66
2025-04-17T19:30:00-04:00,66
2025-04-17T19:40:00-04:00,66
2025-04-17T19:50:00-04:00,65.799
2025-04-17T20:00:00-04:00,66
2025-04-17T20:10:00-04:00,65.799
2025-04-17T20:20:00-04:00,65.2
2025-04-17T20:30:00-04:00,65
2025-04-17T20:40:00-04:00,65
2025-04-17T20:50:00-04:00,65
2025-04-17T21:00:00-04:00,64.2
2025-04-17T21:10:00-04:00,63.799
2025-04-17T21:20:00-04:00,64
2025-04-17T21:30:00-04:00,64
2025-04-17T21:40:00-04:00,63.2
2025-04-17T21:50:00-04:00,63.399
2025-04-17T22:00:00-04:00,63.399
2025-04-17T22:10:00-04:00,63
2025-04-17T22:20:00-04:00,64
2025-04-17T22:30:00-04:00,63.799
2025-04-17T22:40:00-04:00,63
2025-04-17T22:50:00-04:00,63
2025-04-17T23:00:00-04:00,62.399
2025-04-17T23:10:00-04:00,62
2025-04-17T23:20:00-04:00,61.6
2025-04-17T23:30:00-04:00,61.2
2025-04-17T23:40:00-04:00,61.2
2025-04-17T23:50:00-04:00,61.2
2025-04-18T00:00:00-04:00,60.799
2025-04-18T00:10:00-04:00,60.799
2025-04-18T00:20:00-04:00,61
2025-04-18T00:30:00-04:00,60.6
2025-04-18T00:40:00-04:00,60.799
2025-04-18T00:50:00-04:00,60
2025-04-18T01:00:00-04:00,60
2025-04-18T01:10:00-04:00,59.799
2025-04-18T01:20:00-04:00,60
2025-04-18T01:30:00-04:00,59.399
2025-04-18T01:40:00-04:00,58.2
2025-04-18T01:50:00-04:00,59
2025-04-18T02:00:00-04:00,58.799
2025-04-18T02:10:00-04:00,58.6
2025-04-18T02:20:00-04:00,59
2025-04-18T02:30:00-04:00,58.6
2025-04-18T02:40:00-04:00,59
2025-04-18T02:50:00-04:00,58
2025-04-18T03:00:00-04:00,58.2
2025-04-18T03:10:00-04:00,58.2
2025-04-18T03:20:00-04:00,58.2
2025-04-18T03:30:00-04:00,58.2
2025-04-18T03:40:00-04:00,57.799
2025-04-18T03:50:00-04:00,57.6
2025-04-18T04:00:00-04:00,57.799
2025-04-18T04:10:00-04:00,58
2025-04-18T04:20:00-04:00,57.399
2025-04-18T04:30:00-04:00,58
2025-04-18T04:40:00-04:00,58
2025-04-18T04:50:00-04:00,57.799
2025-04-18T05:00:00-04:00,58
2025-04-18T05:10:00-04:00,57.399
2025-04-18T05:20:00-04:00,57
2025-04-18T05:30:00-04:00,57.799
2025-04-18T05:40:00-04:00,58.2
2025-04-18T05:50:00-04:00,58
2025-04-18T06:00:00-04:00,58
2025-04-18T06:10:00-04:00,58
2025-04-18T06:20:00-04:00,58
2025-04-18T06:30:00-04:00,58.799
2025-04-18T06:40:00-04:00,58
2025-04-18T06:50:00-04:00,58
2025-04-18T07:00:00-04:00,58.799
2025-04-18T07:10:00-04:00,58.6
2025-04-18T07:20:00-04:00,58.799
2025-04-18T07:30:00-04:00,59.2
2025-04-18T07:40:00-04:00,58.6
2025-04-18T07:50:00-04:00,59
2025-04-18T08:00:00-04:00,59.799
2025-04-18T08:10:00-04:00,60.6
2025-04-18T08:20:00-04:00,62
2025-04-18T08:30:00-04:00,63.399
2025-04-18T08:40:00-04:00,64
2025-04-18T08:50:00-04:00,65.2
2025-04-18T09:00:00-04:00,66.4
2025-04-18T09:10:00-04:00,68.599
2025-04-18T09:20:00-04:00,70.799
2025-04-18T09:30:00-04:00,74
2025-04-18T09:40:00-04:00,76.4
2025-04-18T09:50:00-04:00,77.2
2025-04-18T10:00:00-04:00,76
2025-04-18T10:10:00-04:00,80.2
2025-04-18T10:20:00-04:00,82
2025-04-18T10:30:00-04:00,79.799
2025-04-18T10:40:00-04:00,77.599
2025-04-18T10:50:00-04:00,77.4
2025-04-18T11:00:00-04:00,77.799
2025-04-18T11:10:00-04:00,78
2025-04-18T11:20:00-04:00,78.2
2025-04-18T11:30:00-04:00,78
2025-04-18T11:40:00-04:00,79
2025-04-18T11:50:00-04:00,79.2
2025-04-18T12:00:00-04:00,80.2
2025-04-18T12:10:00-04:00,81
2025-04-18T12:20:00-04:00,81
2025-04-18T12:30:00-04:00,81
2025-04-18T12:40:00-04:00,80.799
2025-04-18T12:50:00-04:00,81
2025-04-18T13:00:00-04:00,81.599
2025-04-18T13:10:00-04:00,81.599
2025-04-18T13:20:00-04:00,82
2025-04-18T13:30:00-04:00,82.2
2025-04-18T13:40:00-04:00,83
2025-04-18T13:50:00-04:00,83.4
2025-04-18T14:00:00-04:00,83.799
2025-04-18T14:10:00-04:00,84.4
2025-04-18T14:20:00-04:00,84.2
2025-04-18T14:30:00-04:00,84.4
2025-04-18T14:40:00-04:00,84.599
2025-04-18T14:50:00-04:00,85
2025-04-18T15:00:00-04:00,85
2025-04-18T15:10:00-04:00,85
2025-04-18T15:20:00-04:00,85.4
2025-04-18T15:30:00-04:00,85.599
2025-04-18T15:40:00-04:00,85
2025-04-18T15:50:00-04:00,85.2
2025-04-18T16:00:00-04:00,85.2
2025-04-18T16:10:00-04:00,85.2
2025-04-18T16:20:00-04:00,86
2025-04-18T16:30:00-04:00,85.599
2025-04-18T16:40:00-04:00,85.799
2025-04-18T16:50:00-04:00,85.799
2025-04-18T17:00:00-04:00,86
2025-04-18T17:10:00-04:00,86
2025-04-18T17:20:00-04:00,86
2025-04-18T17:30:00-04:00,86
2025-04-18T17:40:00-04:00,86
2025-04-18T17:50:00-04:00,85.799
2025-04-18T18:00:00-04:00,85.599
2025-04-18T18:10:00-04:00,85.799
2025-04-18T18:20:00-04:00,85.599
2025-04-18T18:30:00-04:00,85.799
2025-04-18T18:40:00-04:00,86
2025-04-18T18:50:00-04:00,86
2025-04-18T19:00:00-04:00,86
2025-04-18T19:10:00-04:00,85.799
2025-04-18T19:20:00-04:00,85.599
2025-04-18T19:30:00-04:00,85.799
2025-04-18T19:40:00-04:00,85.599
2025-04-18T19:50:00-04:00,85.2
2025-04-18T20:00:00-04:00,85
2025-04-18T20:10:00-04:00,85
2025-04-18T20:20:00-04:00,85.2
2025-04-18T20:30:00-04:00,84.599
2025-04-18T20:40:00-04:00,84.599
2025-04-18T20:50:00-04:00,84.2
2025-04-18T21:00:00-04:00,84
2025-04-18T21:10:00-04:00,83.799
2025-04-18T21:20:00-04:00,84
2025-04-18T21:30:00-04:00,84
2025-04-18T21:40:00-04:00,84
2025-04-18T21:50:00-04:00,84
2025-04-18T22:00:00-04:00,83.599
2025-04-18T22:10:00-04:00,83.4
2025-04-18T22:20:00-04:00,83
2025-04-18T22:30:00-04:00,83
2025-04-18T22:40:00-04:00,83
2025-04-18T22:50:00-04:00,83.2
2025-04-18T23:00:00-04:00,82.799
2025-04-18T23:10:00-04:00,82.4
2025-04-18T23:20:00-04:00,82
2025-04-18T23:30:00-04:00,82.4
2025-04-18T23:40:00-04:00,82.2
2025-04-18T23:50:00-04:00,82
2025-04-19T00:00:00-04:00,82
2025-04-19T00:10:00-04:00,82
2025-04-19T00:20:00-04:00,82
2025-04-19T00:30:00-04:00,82
2025-04-19T00:40:00-04:00,82
2025-04-19T00:50:00-04:00,81
2025-04-19T01:00:00-04:00,81
2025-04-19T01:10:00-04:00,81
2025-04-19T01:20:00-04:00,80.4
2025-04-19T01:30:00-04:00,80
2025-04-19T01:40:00-04:00,80
2025-04-19T01:50:00-04:00,80.4
2025-04-19T02:00:00-04:00,80.799
2025-04-19T02:10:00-04:00,80.799
2025-04-19T02:20:00-04:00,80.4
2025-04-19T02:30:00-04:00,81
2025-04-19T02:40:00-04:00,80.599
2025-04-19T02:50:00-04:00,80.599
2025-04-19T03:00:00-04:00,80.799
2025-04-19T03:10:00-04:00,80.799
2025-04-19T03:20:00-04:00,80.799
2025-04-19T03:30:00-04:00,80.599
2025-04-19T03:40:00-04:00,80.4
2025-04-19T03:50:00-04:00,80.2
2025-04-19T04:00:00-04:00,80
2025-04-19T04:10:00-04:00,80.599
2025-04-19T04:20:00-04:00,80.2
2025-04-19T04:30:00-04:00,80
2025-04-19T04:40:00-04:00,79.799
2025-04-19T04:50:00-04:00,80
2025-04-19T05:00:00-04:00,80
2025-04-19T05:10:00-04:00,80
2025-04-19T05:20:00-04:00,80
2025-04-19T05:30:00-04:00,79.599
2025-04-19T05:40:00-04:00,79.4
2025-04-19T05:50:00-04:00,79.2
2025-04-19T06:00:00-04:00,79
2025-04-19T06:10:00-04:00,79
2025-04-19T06:20:00-04:00,79
2025-04-19T06:30:00-04:00,79.2
2025-04-19T06:40:00-04:00,79
2025-04-19T06:50:00-04:00,79
2025-04-19T07:00:00-04:00,79
2025-04-19T07:10:00-04:00,79
2025-04-19T07:20:00-04:00,79
2025-04-19T07:30:00-04:00,79
2025-04-19T07:40:00-04:00,79
2025-04-19T07:50:00-04:00,79.2
2025-04-19T08:00:00-04:00,79.4
2025-04-19T08:10:00-04:00,79.599
2025-04-19T08:20:00-04:00,80
2025-04-19T08:30:00-04:00,80.599
2025-04-19T08:40:00-04:00,82.4
2025-04-19T08:50:00-04:00,85.4
2025-04-19T09:00:00-04:00,86.4
2025-04-19T09:10:00-04:00,86.4
2025-04-19T09:20:00-04:00,89.2
2025-04-19T09:30:00-04:00,90.4
2025-04-19T09:40:00-04:00,87
2025-04-19T09:50:00-04:00,86.4
2025-04-19T10:00:00-04:00,89.599
2025-04-19T10:10:00-04:00,88.2
2025-04-19T10:20:00-04:00,88.599
2025-04-19T10:30:00-04:00,93
2025-04-19T10:40:00-04:00,95.799
2025-04-19T10:50:00-04:00,97.2
2025-04-19T11:00:00-04:00,96.799
2025-04-19T11:10:00-04:00,97.799
2025-04-19T11:20:00-04:00,97.799
2025-04-19T11:30:00-04:00,95.4
2025-04-19T11:40:00-04:00,93.599
2025-04-19T11:50:00-04:00,92
2025-04-19T12:00:00-04:00,91.599
2025-04-19T12:10:00-04:00,91.2
2025-04-19T12:20:00-04:00,90.599
2025-04-19T12:30:00-04:00,90.2
2025-04-19T12:40:00-04:00,89.4
2025-04-19T12:50:00-04:00,89
2025-04-19T13:00:00-04:00,88.799
2025-04-19T13:10:00-04:00,88.2
2025-04-19T13:20:00-04:00,88.799
2025-04-19T13:30:00-04:00,88.599
2025-04-19T13:40:00-04:00,88
2025-04-19T13:50:00-04:00,87.799
2025-04-19T14:00:00-04:00,88
2025-04-19T14:10:00-04:00,88.4
2025-04-19T14:20:00-04:00,88.599
2025-04-19T14:30:00-04:00,89
2025-04-19T14:40:00-04:00,89
2025-04-19T14:50:00-04:00,89.2
2025-04-19T15:00:00-04:00,89
2025-04-19T15:10:00-04:00,88.599
2025-04-19T15:20:00-04:00,89
2025-04-19T15:30:00-04:00,89
2025-04-19T15:40:00-04:00,89.799
2025-04-19T15:50:00-04:00,89.599
2025-04-19T16:00:00-04:00,90
2025-04-19T16:10:00-04:00,89.4
2025-04-19T16:20:00-04:00,89.4
2025-04-19T16:30:00-04:00,89.2
2025-04-19T16:40:00-04:00,89.4
2025-04-19T16:50:00-04:00,89.2
2025-04-19T17:00:00-04:00,89.4
2025-04-19T17:10:00-04:00,89
2025-04-19T17:20:00-04:00,89
2025-04-19T17:30:00-04:00,89
2025-04-19T17:40:00-04:00,88.599
2025-04-19T17:50:00-04:00,88
2025-04-19T18:00:00-04:00,88
2025-04-19T18:10:00-04:00,87
2025-04-19T18:20:00-04:00,87
2025-04-19T18:30:00-04:00,86.599
2025-04-19T18:40:00-04:00,86.799
2025-04-19T18:50:00-04:00,86
2025-04-19T19:00:00-04:00,86
2025-04-19T19:10:00-04:00,85.2
2025-04-19T19:20:00-04:00,84.2
2025-04-19T19:30:00-04:00,84
2025-04-19T19:40:00-04:00,83.799
2025-04-19T19:50:00-04:00,83.2
2025-04-19T20:00:00-04:00,83
2025-04-19T20:10:00-04:00,83
2025-04-19T20:20:00-04:00,83
2025-04-19T20:30:00-04:00,82.2
2025-04-19T20:40:00-04:00,82.799
2025-04-19T20:50:00-04:00,82.4
2025-04-19T21:00:00-04:00,81.799
2025-04-19T21:10:00-04:00,81.4
2025-04-19T21:20:00-04:00,81.2
2025-04-19T21:30:00-04:00,80.2
2025-04-19T21:40:00-04:00,80
2025-04-19T21:50:00-04:00,79.2
2025-04-19T22:00:00-04:00,79
2025-04-19T22:10:00-04:00,78
2025-04-19T22:20:00-04:00,77.799
2025-04-19T22:30:00-04:00,77.799
2025-04-19T22:40:00-04:00,76.799
2025-04-19T22:50:00-04:00,76.799
2025-04-19T23:00:00-04:00,76
2025-04-19T23:10:00-04:00,76
2025-04-19T23:20:00-04:00,76
2025-04-19T23:30:00-04:00,76
2025-04-19T23:40:00-04:00,75.599
2025-04-19T23:50:00-04:00,75.2
2025-04-20T00:00:00-04:00,75.2
2025-04-20T00:10:00-04:00,75
2025-04-20T00:20:00-04:00,74.799
2025-04-20T00:30:00-04:00,74.599
2025-04-20T00:40:00-04:00,73.799
2025-04-20T00:50:00-04:00,73
2025-04-20T01:00:00-04:00,72.799
2025-04-20T01:10:00-04:00,72
2025-04-20T01:20:00-04:00,71.799
2025-04-20T01:30:00-04:00,71.2
2025-04-20T01:40:00-04:00,71
2025-04-20T01:50:00-04:00,70.799
2025-04-20T02:00:00-04:00,70.799
2025-04-20T02:10:00-04:00,70.4
2025-04-20T02:20:00-04:00,70.2
2025-04-20T02:30:00-04:00,70.2
2025-04-20T02:40:00-04:00,69.2
2025-04-20T02:50:00-04:00,69
2025-04-20T03:00:00-04:00,68.599
2025-04-20T03:10:00-04:00,68
2025-04-20T03:20:00-04:00,66.799
2025-04-20T03:30:00-04:00,66.2
2025-04-20T03:40:00-04:00,66
2025-04-20T03:50:00-04:00,65.4
2025-04-20T04:00:00-04:00,65.2
2025-04-20T04:10:00-04:00,65.2
2025-04-20T04:20:00-04:00,65
2025-04-20T04:30:00-04:00,65.2
2025-04-20T04:40:00-04:00,64.599
2025-04-20T04:50:00-04:00,64.2
2025-04-20T05:00:00-04:00,64
2025-04-20T05:10:00-04:00,63.799
2025-04-20T05:20:00-04:00,63.799
2025-04-20T05:30:00-04:00,63.399
2025-04-20T05:40:00-04:00,63.2
2025-04-20T05:50:00-04:00,63.399
2025-04-20T06:00:00-04:00,63
2025-04-20T06:10:00-04:00,63
2025-04-20T06:20:00-04:00,62.6
2025-04-20T06:30:00-04:00,62.799
2025-04-20T06:40:00-04:00,62.2
2025-04-20T06:50:00-04:00,62
2025-04-20T07:00:00-04:00,62
2025-04-20T07:10:00-04:00,62
2025-04-20T07:20:00-04:00,62
2025-04-20T07:30:00-04:00,62.399
2025-04-20T07:40:00-04:00,62.2
2025-04-20T07:50:00-04:00,63
2025-04-20T08:00:00-04:00,64
2025-04-20T08:10:00-04:00,65
2025-04-20T08:20:00-04:00,65.599
2025-04-20T08:30:00-04:00,66.4
2025-04-20T08:40:00-04:00,67.599
2025-04-20T08:50:00-04:00,68.599
2025-04-20T09:00:00-04:00,70.799
2025-04-20T09:10:00-04:00,72.799
2025-04-20T09:20:00-04:00,74.4
2025-04-20T09:30:00-04:00,75.599
2025-04-20T09:40:00-04:00,77.2
2025-04-20T09:50:00-04:00,79.2
2025-04-20T10:00:00-04:00,80.2
2025-04-20T10:10:00-04:00,80
2025-04-20T10:20:00-04:00,80.599
2025-04-20T10:30:00-04:00,80.599
2025-04-20T10:40:00-04:00,80.799
2025-04-20T10:50:00-04:00,80
2025-04-20T11:00:00-04:00,79
2025-04-20T11:10:00-04:00,78.2
2025-04-20T11:20:00-04:00,77.2
2025-04-20T11:30:00-04:00,76.4
2025-04-20T11:40:00-04:00,73.799
2025-04-20T11:50:00-04:00,73.599
2025-04-20T12:00:00-04:00,73.799
2025-04-20T12:10:00-04:00,73.599
2025-04-20T12:20:00-04:00,72.799
2025-04-20T12:30:00-04:00,72.4
2025-04-20T12:40:00-04:00,71
2025-04-20T12:50:00-04:00,71.2
2025-04-20T13:00:00-04:00,70.4
2025-04-20T13:10:00-04:00,71.2
2025-04-20T13:20:00-04:00,71.799
2025-04-20T13:30:00-04:00,72.4
2025-04-20T13:40:00-04:00,71.4
2025-04-20T13:50:00-04:00,72
2025-04-20T14:00:00-04:00,71.799
2025-04-20T14:10:00-04:00,72
2025-04-20T14:20:00-04:00,72.799
2025-04-20T14:30:00-04:00,72.799
2025-04-20T14:40:00-04:00,72.799
2025-04-20T14:50:00-04:00,73
2025-04-20T15:00:00-04:00,73.2
2025-04-20T15:10:00-04:00,73.4
2025-04-20T15:20:00-04:00,73
2025-04-20T15:30:00-04:00,73
2025-04-20T15:40:00-04:00,72.799
2025-04-20T15:50:00-04:00,72.799
2025-04-20T16:00:00-04:00,72.799
2025-04-20T16:10:00-04:00,72.799
2025-04-20T16:20:00-04:00,72.4
2025-04-20T16:30:00-04:00,73
2025-04-20T16:40:00-04:00,73.2
2025-04-20T16:50:00-04:00,72.4
2025-04-20T17:00:00-04:00,72
2025-04-20T17:10:00-04:00,73
2025-04-20T17:20:00-04:00,73
2025-04-20T17:30:00-04:00,73.2
2025-04-20T17:40:00-04:00,73.599
2025-04-20T17:50:00-04:00,73.2
2025-04-20T18:00:00-04:00,73
2025-04-20T18:10:00-04:00,73
2025-04-20T18:20:00-04:00,73
2025-04-20T18:30:00-04:00,73
2025-04-20T18:40:00-04:00,73.2
2025-04-20T18:50:00-04:00,73.2
2025-04-20T19:00:00-04:00,73
2025-04-20T19:10:00-04:00,73
2025-04-20T19:20:00-04:00,72.799
2025-04-20T19:30:00-04:00,72.2
2025-04-20T19:40:00-04:00,72.599
2025-04-20T19:50:00-04:00,72
2025-04-20T20:00:00-04:00,71.2
2025-04-20T20:10:00-04:00,71.799
2025-04-20T20:20:00-04:00,71.799
2025-04-20T20:30:00-04:00,71.799
2025-04-20T20:40:00-04:00,71.4
2025-04-20T20:50:00-04:00,70.2
2025-04-20T21:00:00-04:00,71
2025-04-20T21:10:00-04:00,71
2025-04-20T21:20:00-04:00,70.799
2025-04-20T21:30:00-04:00,70.799
2025-04-20T21:40:00-04:00,71
2025-04-20T21:50:00-04:00,70.799
2025-04-20T22:00:00-04:00,70.799
2025-04-20T22:10:00-04:00,70.799
2025-04-20T22:20:00-04:00,70.2
2025-04-20T22:30:00-04:00,70
2025-04-20T22:40:00-04:00,70
2025-04-20T22:50:00-04:00,69.2
2025-04-20T23:00:00-04:00,69
2025-04-20T23:10:00-04:00,69
2025-04-20T23:20:00-04:00,68.4
2025-04-20T23:30:00-04:00,69
2025-04-20T23:40:00-04:00,69
2025-04-20T23:50:00-04:00,67.599
2025-04-21T00:00:00-04:00,67.2
2025-04-21T00:10:00-04:00,66
2025-04-21T00:20:00-04:00,66.2
2025-04-21T00:30:00-04:00,66.599
2025-04-21T00:40:00-04:00,67.2
2025-04-21T00:50:00-04:00,68
2025-04-21T01:00:00-04:00,67.599
2025-04-21T01:10:00-04:00,66.799
2025-04-21T01:20:00-04:00,67.799
2025-04-21T01:30:00-04:00,68
2025-04-21T01:40:00-04:00,67.599
2025-04-21T01:50:00-04:00,68
2025-04-21T02:00:00-04:00,67.4
2025-04-21T02:10:00-04:00,67.2
2025-04-21T02:20:00-04:00,67
2025-04-21T02:30:00-04:00,66.599
2025-04-21T02:40:00-04:00,67.4
2025-04-21T02:50:00-04:00,66.799
2025-04-21T03:00:00-04:00,66.799
2025-04-21T03:10:00-04:00,67.2
2025-04-21T03:20:00-04:00,67.4
2025-04-21T03:30:00-04:00,67.799
2025-04-21T03:40:00-04:00,67.799
2025-04-21T03:50:00-04:00,68.2
2025-04-21T04:00:00-04:00,68.2
2025-04-21T04:10:00-04:00,67.2
2025-04-21T04:20:00-04:00,66.799
2025-04-21T04:30:00-04:00,67.2
2025-04-21T04:40:00-04:00,67.2
2025-04-21T04:50:00-04:00,67.599
2025-04-21T05:00:00-04:00,67
2025-04-21T05:10:00-04:00,67.2
2025-04-21T05:20:00-04:00,67.2
2025-04-21T05:30:00-04:00,67
2025-04-21T05:40:00-04:00,67
2025-04-21T05:50:00-04:00,67
2025-04-21T06:00:00-04:00,66.799
2025-04-21T06:10:00-04:00,67.2
2025-04-21T06:20:00-04:00,67.599
2025-04-21T06:30:00-04:00,67.599
2025-04-21T06:40:00-04:00,67.4
2025-04-21T06:50:00-04:00,68
2025-04-21T07:00:00-04:00,68
2025-04-21T07:10:00-04:00,68.599
2025-04-21T07:20:00-04:00,68.4
2025-04-21T07:30:00-04:00,67.799
2025-04-21T07:40:00-04:00,68.799
2025-04-21T07:50:00-04:00,69
2025-04-21T08:00:00-04:00,69.2
2025-04-21T08:10:00-04:00,70.2
2025-04-21T08:20:00-04:00,70
2025-04-21T08:30:00-04:00,70
2025-04-21T08:40:00-04:00,70.599
2025-04-21T08:50:00-04:00,70.4
2025-04-21T09:00:00-04:00,71
2025-04-21T09:10:00-04:00,72.2
2025-04-21T09:20:00-04:00,73.2
2025-04-21T09:30:00-04:00,74.4
2025-04-21T09:40:00-04:00,79
2025-04-21T09:50:00-04:00,82.599
2025-04-21T10:00:00-04:00,85.799
2025-04-21T10:10:00-04:00,88.2
2025-04-21T10:20:00-04:00,90.4
2025-04-21T10:30:00-04:00,91.4
2025-04-21T10:40:00-04:00,92.2
2025-04-21T10:50:00-04:00,91.599
2025-04-21T11:00:00-04:00,92.4
2025-04-21T11:10:00-04:00,88.599
2025-04-21T11:20:00-04:00,86.2
2025-04-21T11:30:00-04:00,86
2025-04-21T11:40:00-04:00,86.4
2025-04-21T11:50:00-04:00,84.799
2025-04-21T12:00:00-04:00,85.4
2025-04-21T12:10:00-04:00,85.2
2025-04-21T12:20:00-04:00,85.2
2025-04-21T12:30:00-04:00,85.599
2025-04-21T12:40:00-04:00,85.799
2025-04-21T12:50:00-04:00,84.599
2025-04-21T13:00:00-04:00,84.599
2025-04-21T13:10:00-04:00,84.799
2025-04-21T13:20:00-04:00,84.4
2025-04-21T13:30:00-04:00,83.2
2025-04-21T13:40:00-04:00,83.4
2025-04-21T13:50:00-04:00,83
2025-04-21T14:00:00-04:00,81.4
2025-04-21T14:10:00-04:00,80.2
2025-04-21T14:20:00-04:00,78.799
2025-04-21T14:30:00-04:00,78.2
2025-04-21T14:40:00-04:00,77.599
2025-04-21T14:50:00-04:00,77
2025-04-21T15:00:00-04:00,75.799
2025-04-21T15:10:00-04:00,75.2
2025-04-21T15:20:00-04:00,74.2
2025-04-21T15:30:00-04:00,73.4
2025-04-21T15:40:00-04:00,73
2025-04-21T15:50:00-04:00,73.2
2025-04-21T16:00:00-04:00,73.2
2025-04-21T16:10:00-04:00,73.599
2025-04-21T16:20:00-04:00,74.4
2025-04-21T16:30:00-04:00,74.4
2025-04-21T16:40:00-04:00,75.4
2025-04-21T16:50:00-04:00,75
2025-04-21T17:00:00-04:00,75
2025-04-21T17:10:00-04:00,75
2025-04-21T17:20:00-04:00,75.2
2025-04-21T17:30:00-04:00,75.4
2025-04-21T17:40:00-04:00,75.2
2025-04-21T17:50:00-04:00,75.2
2025-04-21T18:00:00-04:00,74.799
2025-04-21T18:10:00-04:00,74.4
2025-04-21T18:20:00-04:00,74.2
2025-04-21T18:30:00-04:00,74.2
2025-04-21T18:40:00-04:00,74.4
2025-04-21T18:50:00-04:00,74.799
2025-04-21T19:00:00-04:00,74.2
2025-04-21T19:10:00-04:00,74.2
2025-04-21T19:20:00-04:00,74.799
2025-04-21T19:30:00-04:00,74.2
2025-04-21T19:40:00-04:00,74
2025-04-21T19:50:00-04:00,74
2025-04-21T20:00:00-04:00,73.799
2025-04-21T20:10:00-04:00,73.799
2025-04-21T20:20:00-04:00,73.799
2025-04-21T20:30:00-04:00,73.2
2025-04-21T20:40:00-04:00,73.2
2025-04-21T20:50:00-04:00,73
2025-04-21T21:00:00-04:00,73
2025-04-21T21:10:00-04:00,73
2025-04-21T21:20:00-04:00,73
2025-04-21T21:30:00-04:00,72.799
2025-04-21T21:40:00-04:00,72.799
2025-04-21T21:50:00-04:00,72.2
2025-04-21T22:00:00-04:00,72.599
2025-04-21T22:10:00-04:00,72.799
2025-04-21T22:20:00-04:00,72.599
2025-04-21T22:30:00-04:00,72.4
2025-04-21T22:40:00-04:00,72.2
2025-04-21T22:50:00-04:00,72
2025-04-21T23:00:00-04:00,72
2025-04-21T23:10:00-04:00,72
2025-04-21T23:20:00-04:00,71.2
2025-04-21T23:30:00-04:00,71.2
2025-04-21T23:40:00-04:00,71
2025-04-21T23:50:00-04:00,70.799
2025-04-22T00:00:00-04:00,71.2
2025-04-22T00:10:00-04:00,71
2025-04-22T00:20:00-04:00,71
2025-04-22T00:30:00-04:00,71.2
2025-04-22T00:40:00-04:00,70.2
2025-04-22T00:50:00-04:00,69.799
2025-04-22T01:00:00-04:00,69.2
2025-04-22T01:10:00-04:00,69
2025-04-22T01:20:00-04:00,69
2025-04-22T01:30:00-04:00,68
2025-04-22T01:40:00-04:00,68
2025-04-22T01:50:00-04:00,68
2025-04-22T02:00:00-04:00,68
2025-04-22T02:10:00-04:00,67.599
2025-04-22T02:20:00-04:00,67
2025-04-22T02:30:00-04:00,67
2025-04-22T02:40:00-04:00,66.799
2025-04-22T02:50:00-04:00,66.2
2025-04-22T03:00:00-04:00,65.799
2025-04-22T03:10:00-04:00,65
2025-04-22T03:20:00-04:00,64.599
2025-04-22T03:30:00-04:00,64
2025-04-22T03:40:00-04:00,63.2
2025-04-22T03:50:00-04:00,63
2025-04-22T04:00:00-04:00,62
2025-04-22T04:10:00-04:00,61.799
2025-04-22T04:20:00-04:00,61
2025-04-22T04:30:00-04:00,61
2025-04-22T04:40:00-04:00,61
2025-04-22T04:50:00-04:00,61
2025-04-22T05:00:00-04:00,60
2025-04-22T05:10:00-04:00,60.2
2025-04-22T05:20:00-04:00,60
2025-04-22T05:30:00-04:00,60.2
2025-04-22T05:40:00-04:00,60.2
2025-04-22T05:50:00-04:00,60.399
2025-04-22T06:00:00-04:00,60.799
2025-04-22T06:10:00-04:00,60.6
2025-04-22T06:20:00-04:00,61
2025-04-22T06:30:00-04:00,61
2025-04-22T06:40:00-04:00,60.799
2025-04-22T06:50:00-04:00,61
2025-04-22T07:00:00-04:00,60.799
2025-04-22T07:10:00-04:00,60.799
2025-04-22T07:20:00-04:00,61
2025-04-22T07:30:00-04:00,61
2025-04-22T07:40:00-04:00,61
2025-04-22T07:50:00-04:00,61
2025-04-22T08:00:00-04:00,61
2025-04-22T08:10:00-04:00,61
2025-04-22T08:20:00-04:00,61
2025-04-22T08:30:00-04:00,61
2025-04-22T08:40:00-04:00,61
2025-04-22T08:50:00-04:00,61.399
2025-04-22T09:00:00-04:00,62
2025-04-22T09:10:00-04:00,62
2025-04-22T09:20:00-04:00,62.799
2025-04-22T09:30:00-04:00,64.599
2025-04-22T09:40:00-04:00,66
2025-04-22T09:50:00-04:00,67.4
2025-04-22T10:00:00-04:00,67.799
2025-04-22T10:10:00-04:00,71.799
2025-04-22T10:20:00-04:00,73.2
2025-04-22T10:30:00-04:00,76.2
2025-04-22T10:40:00-04:00,79.599
2025-04-22T10:50:00-04:00,81
2025-04-22T11:00:00-04:00,82
2025-04-22T11:10:00-04:00,81.4
2025-04-22T11:20:00-04:00,79.4
2025-04-22T11:30:00-04:00,77.799
2025-04-22T11:40:00-04:00,76
2025-04-22T11:50:00-04:00,74.599
2025-04-22T12:00:00-04:00,73
2025-04-22T12:10:00-04:00,72.4
2025-04-22T12:20:00-04:00,71.4
2025-04-22T12:30:00-04:00,71.2
2025-04-22T12:40:00-04:00,71.4
2025-04-22T12:50:00-04:00,71.2
2025-04-22T13:00:00-04:00,71
2025-04-22T13:10:00-04:00,71.2
2025-04-22T13:20:00-04:00,71
2025-04-22T13:30:00-04:00,71.599
2025-04-22T13:40:00-04:00,71.599
2025-04-22T13:50:00-04:00,72.2
2025-04-22T14:00:00-04:00,72
2025-04-22T14:10:00-04:00,73.2
2025-04-22T14:20:00-04:00,72.2
2025-04-22T14:30:00-04:00,73
2025-04-22T14:40:00-04:00,73.599
2025-04-22T14:50:00-04:00,73.4
2025-04-22T15:00:00-04:00,73.799
2025-04-22T15:10:00-04:00,74
2025-04-22T15:20:00-04:00,74
2025-04-22T15:30:00-04:00,74.799
2025-04-22T15:40:00-04:00,74.799
2025-04-22T15:50:00-04:00,74.799
2025-04-22T16:00:00-04:00,74.799
2025-04-22T16:10:00-04:00,75
2025-04-22T16:20:00-04:00,75
2025-04-22T16:30:00-04:00,75
2025-04-22T16:40:00-04:00,75.599
2025-04-22T16:50:00-04:00,75.799
2025-04-22T17:00:00-04:00,75.799
2025-04-22T17:10:00-04:00,76
2025-04-22T17:20:00-04:00,76
2025-04-22T17:30:00-04:00,76
2025-04-22T17:40:00-04:00,76
2025-04-22T17:50:00-04:00,75.4
2025-04-22T18:00:00-04:00,75.2
2025-04-22T18:10:00-04:00,75
2025-04-22T18:20:00-04:00,75
2025-04-22T18:30:00-04:00,74.799
2025-04-22T18:40:00-04:00,74.2
2025-04-22T18:50:00-04:00,74
2025-04-22T19:00:00-04:00,74
2025-04-22T19:10:00-04:00,74
2025-04-22T19:20:00-04:00,73.599
2025-04-22T19:30:00-04:00,73
2025-04-22T19:40:00-04:00,73
2025-04-22T19:50:00-04:00,72.2
2025-04-22T20:00:00-04:00,72
2025-04-22T20:10:00-04:00,71.799
2025-04-22T20:20:00-04:00,71
2025-04-22T20:30:00-04:00,70.799
2025-04-22T20:40:00-04:00,70.2
2025-04-22T20:50:00-04:00,70
2025-04-22T21:00:00-04:00,69.4
2025-04-22T21:10:00-04:00,69
2025-04-22T21:20:00-04:00,69
2025-04-22T21:30:00-04:00,69
2025-04-22T21:40:00-04:00,69
2025-04-22T21:50:00-04:00,68.4
2025-04-22T22:00:00-04:00,68
2025-04-22T22:10:00-04:00,68
2025-04-22T22:20:00-04:00,67.4
2025-04-22T22:30:00-04:00,67.2
2025-04-22T22:40:00-04:00,67
2025-04-22T22:50:00-04:00,67
2025-04-22T23:00:00-04:00,67
2025-04-22T23:10:00-04:00,66.4
2025-04-22T23:20:00-04:00,66
2025-04-22T23:30:00-04:00,66
2025-04-22T23:40:00-04:00,66
2025-04-22T23:50:00-04:00,65
2025-04-23T00:00:00-04:00,65
2025-04-23T00:10:00-04:00,65
2025-04-23T00:20:00-04:00,65
2025-04-23T00:30:00-04:00,65.2
2025-04-23T00:40:00-04:00,65
2025-04-23T00:50:00-04:00,65
2025-04-23T01:00:00-04:00,64.799
2025-04-23T01:10:00-04:00,64
2025-04-23T01:20:00-04:00,64
2025-04-23T01:30:00-04:00,64
2025-04-23T01:40:00-04:00,64
2025-04-23T01:50:00-04:00,64
2025-04-23T02:00:00-04:00,63.6
2025-04-23T02:10:00-04:00,63
2025-04-23T02:20:00-04:00,63.2
2025-04-23T02:30:00-04:00,62.6
2025-04-23T02:40:00-04:00,62
2025-04-23T02:50:00-04:00,62
2025-04-23T03:00:00-04:00,62.399
2025-04-23T03:10:00-04:00,62
2025-04-23T03:20:00-04:00,62.399
2025-04-23T03:30:00-04:00,62
2025-04-23T03:40:00-04:00,61.799
2025-04-23T03:50:00-04:00,62
2025-04-23T04:00:00-04:00,61
2025-04-23T04:10:00-04:00,61
2025-04-23T04:20:00-04:00,60.799
2025-04-23T04:30:00-04:00,61
2025-04-23T04:40:00-04:00,60.6
2025-04-23T04:50:00-04:00,60.2
2025-04-23T05:00:00-04:00,60
2025-04-23T05:10:00-04:00,59.799
2025-04-23T05:20:00-04:00,60
2025-04-23T05:30:00-04:00,60
2025-04-23T05:40:00-04:00,60.399
2025-04-23T05:50:00-04:00,60
2025-04-23T06:00:00-04:00,59.6
2025-04-23T06:10:00-04:00,59
2025-04-23T06:20:00-04:00,59
2025-04-23T06:30:00-04:00,59
2025-04-23T06:40:00-04:00,59.799
2025-04-23T06:50:00-04:00,59.399
2025-04-23T07:00:00-04:00,59.399
2025-04-23T07:10:00-04:00,59
2025-04-23T07:20:00-04:00,59.799
2025-04-23T07:30:00-04:00,60.799
2025-04-23T07:40:00-04:00,61.399
2025-04-23T07:50:00-04:00,62.399
2025-04-23T08:00:00-04:00,65
2025-04-23T08:10:00-04:00,69.4
2025-04-23T08:20:00-04:00,73.4
2025-04-23T08:30:00-04:00,75.799
2025-04-23T08:40:00-04:00,77
2025-04-23T08:50:00-04:00,79.2
2025-04-23T09:00:00-04:00,81
2025-04-23T09:10:00-04:00,82.2
2025-04-23T09:20:00-04:00,84.599
2025-04-23T09:30:00-04:00,86.2
2025-04-23T09:40:00-04:00,85.799
2025-04-23T09:50:00-04:00,86.799
2025-04-23T10:00:00-04:00,88.4
2025-04-23T10:10:00-04:00,88
2025-04-23T10:20:00-04:00,88.4
2025-04-23T10:30:00-04:00,88
2025-04-23T10:40:00-04:00,90.599
2025-04-23T10:50:00-04:00,92
2025-04-23T11:00:00-04:00,91.799
2025-04-23T11:10:00-04:00,91.599
2025-04-23T11:20:00-04:00,90.799
2025-04-23T11:30:00-04:00,90
2025-04-23T11:40:00-04:00,87.799
2025-04-23T11:50:00-04:00,86
2025-04-23T12:00:00-04:00,84.4
2025-04-23T12:10:00-04:00,82.799
2025-04-23T12:20:00-04:00,82.2
2025-04-23T12:30:00-04:00,80.4
2025-04-23T12:40:00-04:00,80.2
2025-04-23T12:50:00-04:00,80.4
2025-04-23T13:00:00-04:00,80
2025-04-23T13:10:00-04:00,78.599
2025-04-23T13:20:00-04:00,79.4
2025-04-23T13:30:00-04:00,79.599
2025-04-23T13:40:00-04:00,79.799
2025-04-23T13:50:00-04:00,79.599
2025-04-23T14:00:00-04:00,80
2025-04-23T14:10:00-04:00,80.799
2025-04-23T14:20:00-04:00,81
2025-04-23T14:30:00-04:00,80.599
2025-04-23T14:40:00-04:00,82
2025-04-23T14:50:00-04:00,82
2025-04-23T15:00:00-04:00,81.599
2025-04-23T15:10:00-04:00,82
2025-04-23T15:20:00-04:00,81.4
2025-04-23T15:30:00-04:00,81.2
2025-04-23T15:40:00-04:00,81.599
2025-04-23T15:50:00-04:00,81.4
2025-04-23T16:00:00-04:00,81.799
2025-04-23T16:10:00-04:00,82
2025-04-23T16:20:00-04:00,81.799
2025-04-23T16:30:00-04:00,82
2025-04-23T16:40:00-04:00,82.4
2025-04-23T16:50:00-04:00,82.599
2025-04-23T17:00:00-04:00,82.4
2025-04-23T17:10:00-04:00,82.599
2025-04-23T17:20:00-04:00,82.4
2025-04-23T17:30:00-04:00,82.4
2025-04-23T17:40:00-04:00,82.599
2025-04-23T17:50:00-04:00,82.2
2025-04-23T18:00:00-04:00,82
2025-04-23T18:10:00-04:00,82
2025-04-23T18:20:00-04:00,81.2
2025-04-23T18:30:00-04:00,82
2025-04-23T18:40:00-04:00,82
2025-04-23T18:50:00-04:00,81.4
2025-04-23T19:00:00-04:00,82
2025-04-23T19:10:00-04:00,81.2
2025-04-23T19:20:00-04:00,81
2025-04-23T19:30:00-04:00,81
2025-04-23T19:40:00-04:00,80.599
2025-04-23T19:50:00-04:00,80
2025-04-23T20:00:00-04:00,80
2025-04-23T20:10:00-04:00,79.4
2025-04-23T20:20:00-04:00,79.4
2025-04-23T20:30:00-04:00,79.799
2025-04-23T20:40:00-04:00,80
2025-04-23T20:50:00-04:00,79.4
2025-04-23T21:00:00-04:00,79
2025-04-23T21:10:00-04:00,79
2025-04-23T21:20:00-04:00,79
2025-04-23T21:30:00-04:00,78
2025-04-23T21:40:00-04:00,77.799
2025-04-23T21:50:00-04:00,78
2025-04-23T22:00:00-04:00,77.4
2025-04-23T22:10:00-04:00,77.2
2025-04-23T22:20:00-04:00,77.2
2025-04-23T22:30:00-04:00,76.599
2025-04-23T22:40:00-04:00,76
2025-04-23T22:50:00-04:00,76.2
2025-04-23T23:00:00-04:00,75.4
2025-04-23T23:10:00-04:00,75
2025-04-23T23:20:00-04:00,74.4
2025-04-23T23:30:00-04:00,74.599
2025-04-23T23:40:00-04:00,74
2025-04-23T23:50:00-04:00,73.2
2025-04-24T00:00:00-04:00,73
2025-04-24T00:10:00-04:00,73.2
2025-04-24T00:20:00-04:00,73.2
2025-04-24T00:30:00-04:00,72.799
2025-04-24T00:40:00-04:00,72.2
2025-04-24T00:50:00-04:00,72
2025-04-24T01:00:00-04:00,71.599
2025-04-24T01:10:00-04:00,71.2
2025-04-24T01:20:00-04:00,71.599
2025-04-24T01:30:00-04:00,71.2
2025-04-24T01:40:00-04:00,70.2
2025-04-24T01:50:00-04:00,70
2025-04-24T02:00:00-04:00,70
2025-04-24T02:10:00-04:00,69.599
2025-04-24T02:20:00-04:00,69.4
2025-04-24T02:30:00-04:00,69.2
2025-04-24T02:40:00-04:00,69.599
2025-04-24T02:50:00-04:00,69.4
2025-04-24T03:00:00-04:00,68.799
2025-04-24T03:10:00-04:00,68.799
2025-04-24T03:20:00-04:00,69.2
2025-04-24T03:30:00-04:00,69
2025-04-24T03:40:00-04:00,69
2025-04-24T03:50:00-04:00,68
2025-04-24T04:00:00-04:00,68
2025-04-24T04:10:00-04:00,68.2
2025-04-24T04:20:00-04:00,68
2025-04-24T04:30:00-04:00,67
2025-04-24T04:40:00-04:00,67
2025-04-24T04:50:00-04:00,66.2
2025-04-24T05:00:00-04:00,66.2
2025-04-24T05:10:00-04:00,66.4
2025-04-24T05:20:00-04:00,66
2025-04-24T05:30:00-04:00,65.2
2025-04-24T05:40:00-04:00,65
2025-04-24T05:50:00-04:00,65
2025-04-24T06:00:00-04:00,65
2025-04-24T06:10:00-04:00,65
2025-04-24T06:20:00-04:00,65
2025-04-24T06:30:00-04:00,65
2025-04-24T06:40:00-04:00,64.2
2025-04-24T06:50:00-04:00,64.799
2025-04-24T07:00:00-04:00,65.2
2025-04-24T07:10:00-04:00,65.799
2025-04-24T07:20:00-04:00,66.4
2025-04-24T07:30:00-04:00,67.4
2025-04-24T07:40:00-04:00,68.4
2025-04-24T07:50:00-04:00,69.2
2025-04-24T08:00:00-04:00,70.4
2025-04-24T08:10:00-04:00,73.4
2025-04-24T08:20:00-04:00,75.4
2025-04-24T08:30:00-04:00,77.4
2025-04-24T08:40:00-04:00,79.799
2025-04-24T08:50:00-04:00,83.599
2025-04-24T09:00:00-04:00,86.25
2025-04-24T09:10:00-04:00,87.799
2025-04-24T09:20:00-04:00,89.4
2025-04-24T09:30:00-04:00,90
2025-04-24T09:40:00-04:00,91.4
2025-04-24T09:50:00-04:00,93.799
2025-04-24T10:00:00-04:00,96.799
2025-04-24T10:10:00-04:00,98
2025-04-24T10:20:00-04:00,99
2025-04-24T10:30:00-04:00,99.599
2025-04-24T10:40:00-04:00,100.2
2025-04-24T10:50:00-04:00,98.4
2025-04-24T11:00:00-04:00,100
2025-04-24T11:10:00-04:00,99.599
2025-04-24T11:20:00-04:00,98.799
2025-04-24T11:30:00-04:00,97.599
2025-04-24T11:40:00-04:00,94.799
2025-04-24T11:50:00-04:00,92.799
2025-04-24T12:00:00-04:00,90.599
2025-04-24T12:10:00-04:00,89.799
2025-04-24T12:20:00-04:00,88.599
2025-04-24T12:30:00-04:00,88.2
2025-04-24T12:40:00-04:00,87.599
2025-04-24T12:50:00-04:00,87.4
2025-04-24T13:00:00-04:00,87
2025-04-24T13:10:00-04:00,87.2
2025-04-24T13:20:00-04:00,87.2
2025-04-24T13:30:00-04:00,87.2
2025-04-24T13:40:00-04:00,87.799
2025-04-24T13:50:00-04:00,87.2
2025-04-24T14:00:00-04:00,87
2025-04-24T14:10:00-04:00,87
2025-04-24T14:20:00-04:00,87.2
2025-04-24T14:30:00-04:00,88
2025-04-24T14:40:00-04:00,88
2025-04-24T14:50:00-04:00,87.599
2025-04-24T15:00:00-04:00,87.599
2025-04-24T15:10:00-04:00,87.799
2025-04-24T15:20:00-04:00,87.2
2025-04-24T15:30:00-04:00,88
2025-04-24T15:40:00-04:00,87.799
2025-04-24T15:50:00-04:00,87.799
2025-04-24T16:00:00-04:00,88.2
2025-04-24T16:10:00-04:00,88.4
2025-04-24T16:20:00-04:00,88.2
2025-04-24T16:30:00-04:00,87.599
2025-04-24T16:40:00-04:00,88
2025-04-24T16:50:00-04:00,87.799
2025-04-24T17:00:00-04:00,87.4
2025-04-24T17:10:00-04:00,87.599
2025-04-24T17:20:00-04:00,87.799
2025-04-24T17:30:00-04:00,87.2
2025-04-24T17:40:00-04:00,87
2025-04-24T17:50:00-04:00,87
2025-04-24T18:00:00-04:00,87.2
2025-04-24T18:10:00-04:00,87
2025-04-24T18:20:00-04:00,87
2025-04-24T18:30:00-04:00,87
2025-04-24T18:40:00-04:00,86.799
2025-04-24T18:50:00-04:00,86.799
2025-04-24T19:00:00-04:00,86.799
2025-04-24T19:10:00-04:00,86.799
2025-04-24T19:20:00-04:00,86.599
2025-04-24T19:30:00-04:00,86
2025-04-24T19:40:00-04:00,86
2025-04-24T19:50:00-04:00,85.599
2025-04-24T20:00:00-04:00,85.2
2025-04-24T20:10:00-04:00,85
2025-04-24T20:20:00-04:00,85
2025-04-24T20:30:00-04:00,85.2
2025-04-24T20:40:00-04:00,85
2025-04-24T20:50:00-04:00,84.799
2025-04-24T21:00:00-04:00,84.599
2025-04-24T21:10:00-04:00,84
2025-04-24T21:20:00-04:00,84
2025-04-24T21:30:00-04:00,84
2025-04-24T21:40:00-04:00,83.4
2025-04-24T21:50:00-04:00,82.4
2025-04-24T22:00:00-04:00,81.2
2025-04-24T22:10:00-04:00,80.599
2025-04-24T22:20:00-04:00,80
2025-04-24T22:30:00-04:00,80
2025-04-24T22:40:00-04:00,80.2
2025-04-24T22:50:00-04:00,79.2
2025-04-24T23:00:00-04:00,78.4
2025-04-24T23:10:00-04:00,77.799
2025-04-24T23:20:00-04:00,78
2025-04-24T23:30:00-04:00,78.2
2025-04-24T23:40:00-04:00,77.799
2025-04-24T23:50:00-04:00,77.799
2025-04-25T00:00:00-04:00,77
2025-04-25T00:10:00-04:00,77.4
2025-04-25T00:20:00-04:00,77
2025-04-25T00:30:00-04:00,77.2
2025-04-25T00:40:00-04:00,78
2025-04-25T00:50:00-04:00,78
2025-04-25T01:00:00-04:00,78
2025-04-25T01:10:00-04:00,78.2
2025-04-25T01:20:00-04:00,77.599
2025-04-25T01:30:00-04:00,77.4
2025-04-25T01:40:00-04:00,77.2
2025-04-25T01:50:00-04:00,77
2025-04-25T02:00:00-04:00,76.799
2025-04-25T02:10:00-04:00,76.799
2025-04-25T02:20:00-04:00,77
2025-04-25T02:30:00-04:00,77
2025-04-25T02:40:00-04:00,77
2025-04-25T02:50:00-04:00,77
2025-04-25T03:00:00-04:00,77
2025-04-25T03:10:00-04:00,76.599
2025-04-25T03:20:00-04:00,76
2025-04-25T03:30:00-04:00,76.599
2025-04-25T03:40:00-04:00,76
2025-04-25T03:50:00-04:00,76
2025-04-25T04:00:00-04:00,76
2025-04-25T04:10:00-04:00,76
2025-04-25T04:20:00-04:00,76
2025-04-25T04:30:00-04:00,76
2025-04-25T04:40:00-04:00,75.799
2025-04-25T04:50:00-04:00,76
2025-04-25T05:00:00-04:00,75.4
2025-04-25T05:10:00-04:00,75.2
2025-04-25T05:20:00-04:00,75.599
2025-04-25T05:30:00-04:00,75.4
2025-04-25T05:40:00-04:00,75.2
2025-04-25T05:50:00-04:00,75.2
2025-04-25T06:00:00-04:00,75
2025-04-25T06:10:00-04:00,75
2025-04-25T06:20:00-04:00,75
2025-04-25T06:30:00-04:00,75
2025-04-25T06:40:00-04:00,75.2
2025-04-25T06:50:00-04:00,74.799
2025-04-25T07:00:00-04:00,74
2025-04-25T07:10:00-04:00,74.2
2025-04-25T07:20:00-04:00,74.2
2025-04-25T07:30:00-04:00,74
2025-04-25T07:40:00-04:00,74
2025-04-25T07:50:00-04:00,74
2025-04-25T08:00:00-04:00,74
2025-04-25T08:10:00-04:00,73.799
2025-04-25T08:20:00-04:00,73.799
2025-04-25T08:30:00-04:00,74
2025-04-25T08:40:00-04:00,74.2
2025-04-25T08:50:00-04:00,75.2
2025-04-25T09:00:00-04:00,76.4
2025-04-25T09:10:00-04:00,76
2025-04-25T09:20:00-04:00,76
2025-04-25T09:30:00-04:00,76
2025-04-25T09:40:00-04:00,76.4
2025-04-25T09:50:00-04:00,76.2
2025-04-25T10:00:00-04:00,76.599
2025-04-25T10:10:00-04:00,76.4
2025-04-25T10:20:00-04:00,76.799
2025-04-25T10:30:00-04:00,77
2025-04-25T10:40:00-04:00,76.799
2025-04-25T10:50:00-04:00,76.599
2025-04-25T11:00:00-04:00,76.4
2025-04-25T11:10:00-04:00,76.799
2025-04-25T11:20:00-04:00,77
2025-04-25T11:30:00-04:00,76.599
2025-04-25T11:40:00-04:00,76.2
2025-04-25T11:50:00-04:00,76
2025-04-25T12:00:00-04:00,75
2025-04-25T12:10:00-04:00,75
2025-04-25T12:20:00-04:00,74.599
2025-04-25T12:30:00-04:00,74.799
2025-04-25T12:40:00-04:00,74.4
2025-04-25T12:50:00-04:00,73.4
2025-04-25T13:00:00-04:00,71.799
2025-04-25T13:10:00-04:00,72
2025-04-25T13:20:00-04:00,71.799
2025-04-25T13:30:00-04:00,72.4
2025-04-25T13:40:00-04:00,73.799
2025-04-25T13:50:00-04:00,74.4
2025-04-25T14:00:00-04:00,75
2025-04-25T14:10:00-04:00,75.2
2025-04-25T14:20:00-04:00,76
2025-04-25T14:30:00-04:00,76.599
2025-04-25T14:40:00-04:00,77.4
2025-04-25T14:50:00-04:00,77
2025-04-25T15:00:00-04:00,77.799
2025-04-25T15:10:00-04:00,78
2025-04-25T15:20:00-04:00,78
2025-04-25T15:30:00-04:00,78
2025-04-25T15:40:00-04:00,78.4
2025-04-25T15:50:00-04:00,79
2025-04-25T16:00:00-04:00,78.799
2025-04-25T16:10:00-04:00,79.2
2025-04-25T16:20:00-04:00,79.4
2025-04-25T16:30:00-04:00,79.599
2025-04-25T16:40:00-04:00,79.2
2025-04-25T16:50:00-04:00,79
2025-04-25T17:00:00-04:00,79.799
2025-04-25T17:10:00-04:00,79.799
2025-04-25T17:20:00-04:00,79.599
2025-04-25T17:30:00-04:00,80.2
2025-04-25T17:40:00-04:00,80
2025-04-25T17:50:00-04:00,80
2025-04-25T18:00:00-04:00,79
2025-04-25T18:10:00-04:00,77.599
2025-04-25T18:20:00-04:00,76.599
2025-04-25T18:30:00-04:00,75.4
2025-04-25T18:40:00-04:00,75
2025-04-25T18:50:00-04:00,75.2
2025-04-25T19:00:00-04:00,75
2025-04-25T19:10:00-04:00,75
2025-04-25T19:20:00-04:00,74.2
2025-04-25T19:30:00-04:00,74.2
2025-04-25T19:40:00-04:00,74.2
2025-04-25T19:50:00-04:00,74
2025-04-25T20:00:00-04:00,74
2025-04-25T20:10:00-04:00,74
2025-04-25T20:20:00-04:00,74
2025-04-25T20:30:00-04:00,74
2025-04-25T20:40:00-04:00,73.799
2025-04-25T20:50:00-04:00,73
2025-04-25T21:00:00-04:00,73.599
2025-04-25T21:10:00-04:00,74
2025-04-25T21:20:00-04:00,73.4
2025-04-25T21:30:00-04:00,73.4
2025-04-25T21:40:00-04:00,74
2025-04-25T21:50:00-04:00,73
2025-04-25T22:00:00-04:00,73.599
2025-04-25T22:10:00-04:00,73.4
2025-04-25T22:20:00-04:00,73
2025-04-25T22:30:00-04:00,73
2025-04-25T22:40:00-04:00,73
2025-04-25T22:50:00-04:00,72.599
2025-04-25T23:00:00-04:00,72
2025-04-25T23:10:00-04:00,72
2025-04-25T23:20:00-04:00,72
2025-04-25T23:30:00-04:00,72
2025-04-25T23:40:00-04:00,72
2025-04-25T23:50:00-04:00,72.2
2025-04-26T00:00:00-04:00,72
2025-04-26T00:10:00-04:00,72
2025-04-26T00:20:00-04:00,71
2025-04-26T00:30:00-04:00,71
2025-04-26T00:40:00-04:00,71
2025-04-26T00:50:00-04:00,71
2025-04-26T01:00:00-04:00,71
2025-04-26T01:10:00-04:00,70.2
2025-04-26T01:20:00-04:00,70
2025-04-26T01:30:00-04:00,69.799
2025-04-26T01:40:00-04:00,70
2025-04-26T01:50:00-04:00,70
2025-04-26T02:00:00-04:00,70.4
2025-04-26T02:10:00-04:00,70.4
2025-04-26T02:20:00-04:00,71
2025-04-26T02:30:00-04:00,71
2025-04-26T02:40:00-04:00,71
2025-04-26T02:50:00-04:00,71
2025-04-26T03:00:00-04:00,71
2025-04-26T03:10:00-04:00,71
2025-04-26T03:20:00-04:00,71
2025-04-26T03:30:00-04:00,71
2025-04-26T03:40:00-04:00,71
2025-04-26T03:50:00-04:00,71
2025-04-26T04:00:00-04:00,71.2
2025-04-26T04:10:00-04:00,71.2
2025-04-26T04:20:00-04:00,71.2
2025-04-26T04:30:00-04:00,71.799
2025-04-26T04:40:00-04:00,71.799
2025-04-26T04:50:00-04:00,71.599
2025-04-26T05:00:00-04:00,71.599
2025-04-26T05:10:00-04:00,71.799
2025-04-26T05:20:00-04:00,71.599
2025-04-26T05:30:00-04:00,72
2025-04-26T05:40:00-04:00,71.599
2025-04-26T05:50:00-04:00,71
2025-04-26T06:00:00-04:00,71
2025-04-26T06:10:00-04:00,71
2025-04-26T06:20:00-04:00,71
2025-04-26T06:30:00-04:00,71
2025-04-26T06:40:00-04:00,70.4
2025-04-26T06:50:00-04:00,70.4
2025-04-26T07:00:00-04:00,71
2025-04-26T07:10:00-04:00,70.799
2025-04-26T07:20:00-04:00,70.599
2025-04-26T07:30:00-04:00,70.799
2025-04-26T07:40:00-04:00,70.799
2025-04-26T07:50:00-04:00,70
2025-04-26T08:00:00-04:00,70
2025-04-26T08:10:00-04:00,70
2025-04-26T08:20:00-04:00,70
2025-04-26T08:30:00-04:00,70
2025-04-26T08:40:00-04:00,70
2025-04-26T08:50:00-04:00,70
2025-04-26T09:00:00-04:00,70.2
2025-04-26T09:10:00-04:00,70.2
2025-04-26T09:20:00-04:00,70
2025-04-26T09:30:00-04:00,70
2025-04-26T09:40:00-04:00,70.2
2025-04-26T09:50:00-04:00,70
2025-04-26T10:00:00-04:00,69.2
2025-04-26T10:10:00-04:00,68.799
2025-04-26T10:20:00-04:00,67.2
2025-04-26T10:30:00-04:00,66.2
2025-04-26T10:40:00-04:00,65.599
2025-04-26T10:50:00-04:00,64.4
2025-04-26T11:00:00-04:00,63.6
2025-04-26T11:10:00-04:00,62.799
2025-04-26T11:20:00-04:00,62.2
2025-04-26T11:30:00-04:00,62
2025-04-26T11:40:00-04:00,61.399
2025-04-26T11:50:00-04:00,61.2
2025-04-26T12:00:00-04:00,61.399
2025-04-26T12:10:00-04:00,61.2
2025-04-26T12:20:00-04:00,61
2025-04-26T12:30:00-04:00,60.799
2025-04-26T12:40:00-04:00,60.399
2025-04-26T12:50:00-04:00,60.399
2025-04-26T13:00:00-04:00,60.399
2025-04-26T13:10:00-04:00,60.6
2025-04-26T13:20:00-04:00,61.2
2025-04-26T13:30:00-04:00,60.6
2025-04-26T13:40:00-04:00,60
2025-04-26T13:50:00-04:00,60
2025-04-26T14:00:00-04:00,60
2025-04-26T14:10:00-04:00,60.399
2025-04-26T14:20:00-04:00,60.6
2025-04-26T14:30:00-04:00,61.2
2025-04-26T14:40:00-04:00,61
2025-04-26T14:50:00-04:00,61
2025-04-26T15:00:00-04:00,60.799
2025-04-26T15:10:00-04:00,60.2
2025-04-26T15:20:00-04:00,60
2025-04-26T15:30:00-04:00,59.799
2025-04-26T15:40:00-04:00,60
2025-04-26T15:50:00-04:00,60
2025-04-26T16:00:00-04:00,59.799
2025-04-26T16:10:00-04:00,59.6
2025-04-26T16:20:00-04:00,60
2025-04-26T16:30:00-04:00,59.399
2025-04-26T16:40:00-04:00,59.6
2025-04-26T16:50:00-04:00,59
2025-04-26T17:00:00-04:00,59.6
2025-04-26T17:10:00-04:00,59
2025-04-26T17:20:00-04:00,59
2025-04-26T17:30:00-04:00,59
2025-04-26T17:40:00-04:00,59
2025-04-26T17:50:00-04:00,59
2025-04-26T18:00:00-04:00,59
2025-04-26T18:10:00-04:00,58.6
2025-04-26T18:20:00-04:00,58
2025-04-26T18:30:00-04:00,58
2025-04-26T18:40:00-04:00,57.799
2025-04-26T18:50:00-04:00,57.2
2025-04-26T19:00:00-04:00,57
2025-04-26T19:10:00-04:00,57.399
2025-04-26T19:20:00-04:00,57.2
2025-04-26T19:30:00-04:00,56.799
2025-04-26T19:40:00-04:00,56.2
2025-04-26T19:50:00-04:00,56
2025-04-26T20:00:00-04:00,56
2025-04-26T20:10:00-04:00,56.399
2025-04-26T20:20:00-04:00,56.2
2025-04-26T20:30:00-04:00,56.2
2025-04-26T20:40:00-04:00,56
2025-04-26T20:50:00-04:00,56.2
2025-04-26T21:00:00-04:00,56.2
2025-04-26T21:10:00-04:00,56
2025-04-26T21:20:00-04:00,56
2025-04-26T21:30:00-04:00,56
2025-04-26T21:40:00-04:00,55.799
2025-04-26T21:50:00-04:00,56
2025-04-26T22:00:00-04:00,56
2025-04-26T22:10:00-04:00,55.799
2025-04-26T22:20:00-04:00,55.6
2025-04-26T22:30:00-04:00,55.6
2025-04-26T22:40:00-04:00,55
2025-04-26T22:50:00-04:00,55
2025-04-26T23:00:00-04:00,55
2025-04-26T23:10:00-04:00,55
2025-04-26T23:20:00-04:00,54
2025-04-26T23:30:00-04:00,54
2025-04-26T23:40:00-04:00,54
2025-04-26T23:50:00-04:00,54
2025-04-27T00:00:00-04:00,53.799
2025-04-27T00:10:00-04:00,54
2025-04-27T00:20:00-04:00,53.6
2025-04-27T00:30:00-04:00,53.6
2025-04-27T00:40:00-04:00,53.399
2025-04-27T00:50:00-04:00,53
2025-04-27T01:00:00-04:00,53.2
2025-04-27T01:10:00-04:00,53
2025-04-27T01:20:00-04:00,53
2025-04-27T01:30:00-04:00,52.799
2025-04-27T01:40:00-04:00,53
2025-04-27T01:50:00-04:00,52.399
2025-04-27T02:00:00-04:00,52
2025-04-27T02:10:00-04:00,52
2025-04-27T02:20:00-04:00,52
2025-04-27T02:30:00-04:00,52
2025-04-27T02:40:00-04:00,51.2
2025-04-27T02:50:00-04:00,51
2025-04-27T03:00:00-04:00,51.2
2025-04-27T03:10:00-04:00,51
2025-04-27T03:20:00-04:00,51
2025-04-27T03:30:00-04:00,51
2025-04-27T03:40:00-04:00,51
2025-04-27T03:50:00-04:00,50.399
2025-04-27T04:00:00-04:00,50.399
2025-04-27T04:10:00-04:00,50
2025-04-27T04:20:00-04:00,50.2
2025-04-27T04:30:00-04:00,50.2
2025-04-27T04:40:00-04:00,49.799
2025-04-27T04:50:00-04:00,49.799
2025-04-27T05:00:00-04:00,49.799
2025-04-27T05:10:00-04:00,49.799
2025-04-27T05:20:00-04:00,49.799
2025-04-27T05:30:00-04:00,49.399
2025-04-27T05:40:00-04:00,49.2
2025-04-27T05:50:00-04:00,49
2025-04-27T06:00:00-04:00,48.6
2025-04-27T06:10:00-04:00,49
2025-04-27T06:20:00-04:00,48.799
2025-04-27T06:30:00-04:00,48.6
2025-04-27T06:40:00-04:00,48.799
2025-04-27T06:50:00-04:00,48.799
2025-04-27T07:00:00-04:00,49
2025-04-27T07:10:00-04:00,49.2
2025-04-27T07:20:00-04:00,50
2025-04-27T07:30:00-04:00,50.799
2025-04-27T07:40:00-04:00,51.399
2025-04-27T07:50:00-04:00,52.6
2025-04-27T08:00:00-04:00,55.2
2025-04-27T08:10:00-04:00,58.6
2025-04-27T08:20:00-04:00,64
2025-04-27T08:30:00-04:00,68.2
2025-04-27T08:40:00-04:00,70.799
2025-04-27T08:50:00-04:00,72.599
2025-04-27T09:00:00-04:00,75.4
2025-04-27T09:10:00-04:00,76.799
2025-04-27T09:20:00-04:00,78.599
2025-04-27T09:30:00-04:00,80
2025-04-27T09:40:00-04:00,80.599
2025-04-27T09:50:00-04:00,80.599
2025-04-27T10:00:00-04:00,82.799
2025-04-27T10:10:00-04:00,84
2025-04-27T10:20:00-04:00,85.4
2025-04-27T10:30:00-04:00,85.2
2025-04-27T10:40:00-04:00,84.799
2025-04-27T10:50:00-04:00,84.599
2025-04-27T11:00:00-04:00,83.4
2025-04-27T11:10:00-04:00,83.4
2025-04-27T11:20:00-04:00,82.2
2025-04-27T11:30:00-04:00,81.2
2025-04-27T11:40:00-04:00,78.2
2025-04-27T11:50:00-04:00,75.2
2025-04-27T12:00:00-04:00,74.2
2025-04-27T12:10:00-04:00,71.799
2025-04-27T12:20:00-04:00,71
2025-04-27T12:30:00-04:00,70
2025-04-27T12:40:00-04:00,69.4
2025-04-27T12:50:00-04:00,69.2
2025-04-27T13:00:00-04:00,69.2
2025-04-27T13:10:00-04:00,69
2025-04-27T13:20:00-04:00,69
2025-04-27T13:30:00-04:00,69
2025-04-27T13:40:00-04:00,69
2025-04-27T13:50:00-04:00,69
2025-04-27T14:00:00-04:00,69
2025-04-27T14:10:00-04:00,69.4
2025-04-27T14:20:00-04:00,69
2025-04-27T14:30:00-04:00,69.4
2025-04-27T14:40:00-04:00,69.4
2025-04-27T14:50:00-04:00,69.4
2025-04-27T15:00:00-04:00,69.4
2025-04-27T15:10:00-04:00,70
2025-04-27T15:20:00-04:00,69.599
2025-04-27T15:30:00-04:00,69.599
2025-04-27T15:40:00-04:00,69.799
2025-04-27T15:50:00-04:00,70
2025-04-27T16:00:00-04:00,70
2025-04-27T16:10:00-04:00,70
2025-04-27T16:20:00-04:00,70
2025-04-27T16:30:00-04:00,70
2025-04-27T16:40:00-04:00,69.799
2025-04-27T16:50:00-04:00,69.599
2025-04-27T17:00:00-04:00,70
2025-04-27T17:10:00-04:00,70
2025-04-27T17:20:00-04:00,70
2025-04-27T17:30:00-04:00,70
2025-04-27T17:40:00-04:00,69.799
2025-04-27T17:50:00-04:00,69.799
2025-04-27T18:00:00-04:00,69.2
2025-04-27T18:10:00-04:00,69.2
2025-04-27T18:20:00-04:00,69
2025-04-27T18:30:00-04:00,69
2025-04-27T18:40:00-04:00,68.799
2025-04-27T18:50:00-04:00,68.599
2025-04-27T19:00:00-04:00,68
2025-04-27T19:10:00-04:00,68
2025-04-27T19:20:00-04:00,68
2025-04-27T19:30:00-04:00,67.4
2025-04-27T19:40:00-04:00,67.2
2025-04-27T19:50:00-04:00,67
2025-04-27T20:00:00-04:00,66.799
2025-04-27T20:10:00-04:00,66.599
2025-04-27T20:20:00-04:00,66
2025-04-27T20:30:00-04:00,65.4
2025-04-27T20:40:00-04:00,65.2
2025-04-27T20:50:00-04:00,65
2025-04-27T21:00:00-04:00,64.2
2025-04-27T21:10:00-04:00,64.2
2025-04-27T21:20:00-04:00,64
2025-04-27T21:30:00-04:00,63.799
2025-04-27T21:40:00-04:00,63.2
2025-04-27T21:50:00-04:00,63
2025-04-27T22:00:00-04:00,62.6
2025-04-27T22:10:00-04:00,62.799
2025-04-27T22:20:00-04:00,62
2025-04-27T22:30:00-04:00,62
2025-04-27T22:40:00-04:00,62
2025-04-27T22:50:00-04:00,62
2025-04-27T23:00:00-04:00,62
2025-04-27T23:10:00-04:00,62
2025-04-27T23:20:00-04:00,61.799
2025-04-27T23:30:00-04:00,61.399
2025-04-27T23:40:00-04:00,61
2025-04-27T23:50:00-04:00,61
2025-04-28T00:00:00-04:00,61
2025-04-28T00:10:00-04:00,60.2
2025-04-28T00:20:00-04:00,60.2
2025-04-28T00:30:00-04:00,60
2025-04-28T00:40:00-04:00,59.2
2025-04-28T00:50:00-04:00,59
2025-04-28T01:00:00-04:00,58.6
2025-04-28T01:10:00-04:00,58
2025-04-28T01:20:00-04:00,58
2025-04-28T01:30:00-04:00,57.6
2025-04-28T01:40:00-04:00,57.399
2025-04-28T01:50:00-04:00,57
2025-04-28T02:00:00-04:00,57
2025-04-28T02:10:00-04:00,56
2025-04-28T02:20:00-04:00,56.2
2025-04-28T02:30:00-04:00,56
2025-04-28T02:40:00-04:00,55.2
2025-04-28T02:50:00-04:00,55
2025-04-28T03:00:00-04:00,55.799
2025-04-28T03:10:00-04:00,55
2025-04-28T03:20:00-04:00,54.2
2025-04-28T03:30:00-04:00,54
2025-04-28T03:40:00-04:00,55
2025-04-28T03:50:00-04:00,54.6
2025-04-28T04:00:00-04:00,54
2025-04-28T04:10:00-04:00,53.2
2025-04-28T04:20:00-04:00,53.2
2025-04-28T04:30:00-04:00,53
2025-04-28T04:40:00-04:00,53
2025-04-28T04:50:00-04:00,53.399
2025-04-28T05:00:00-04:00,53
2025-04-28T05:10:00-04:00,53
2025-04-28T05:20:00-04:00,53
2025-04-28T05:30:00-04:00,52.6
2025-04-28T05:40:00-04:00,52
2025-04-28T05:50:00-04:00,52
2025-04-28T06:00:00-04:00,52
2025-04-28T06:10:00-04:00,51.399
2025-04-28T06:20:00-04:00,51.2
2025-04-28T06:30:00-04:00,51
2025-04-28T06:40:00-04:00,51.2
2025-04-28T06:50:00-04:00,51.6
2025-04-28T07:00:00-04:00,52
2025-04-28T07:10:00-04:00,52.399
2025-04-28T07:20:00-04:00,53.399
2025-04-28T07:30:00-04:00,54.6
2025-04-28T07:40:00-04:00,55.2
2025-04-28T07:50:00-04:00,56.399
2025-04-28T08:00:00-04:00,58.399
2025-04-28T08:10:00-04:00,62.799
2025-04-28T08:20:00-04:00,67.4
2025-04-28T08:30:00-04:00,71
2025-04-28T08:40:00-04:00,73
2025-04-28T08:50:00-04:00,75
2025-04-28T09:00:00-04:00,76.799
2025-04-28T09:10:00-04:00,79.599
2025-04-28T09:20:00-04:00,81.2
2025-04-28T09:30:00-04:00,82.2
2025-04-28T09:40:00-04:00,84
2025-04-28T09:50:00-04:00,85.599
2025-04-28T10:00:00-04:00,86
2025-04-28T10:10:00-04:00,85.2
2025-04-28T10:20:00-04:00,86
2025-04-28T10:30:00-04:00,86
2025-04-28T10:40:00-04:00,86.599
2025-04-28T10:50:00-04:00,85
2025-04-28T11:00:00-04:00,86.599
2025-04-28T11:10:00-04:00,85.799
2025-04-28T11:20:00-04:00,87.2
2025-04-28T11:30:00-04:00,86
2025-04-28T11:40:00-04:00,84.599
2025-04-28T11:50:00-04:00,81.799
2025-04-28T12:00:00-04:00,80.599
2025-04-28T12:10:00-04:00,78.2
2025-04-28T12:20:00-04:00,77.599
2025-04-28T12:30:00-04:00,76.4
2025-04-28T12:40:00-04:00,75.599
2025-04-28T12:50:00-04:00,76
2025-04-28T13:00:00-04:00,75.4
2025-04-28T13:10:00-04:00,75.4
2025-04-28T13:20:00-04:00,74.799
2025-04-28T13:30:00-04:00,75.4
2025-04-28T13:40:00-04:00,76
2025-04-28T13:50:00-04:00,77
2025-04-28T14:00:00-04:00,77.4
2025-04-28T14:10:00-04:00,77.799
2025-04-28T14:20:00-04:00,78
2025-04-28T14:30:00-04:00,77.4
2025-04-28T14:40:00-04:00,78
2025-04-28T14:50:00-04:00,78.2
2025-04-28T15:00:00-04:00,78.4
2025-04-28T15:10:00-04:00,77.799
2025-04-28T15:20:00-04:00,78.799
2025-04-28T15:30:00-04:00,78.799
2025-04-28T15:40:00-04:00,79.4
2025-04-28T15:50:00-04:00,79.4
2025-04-28T16:00:00-04:00,79.599
2025-04-28T16:10:00-04:00,79.4
2025-04-28T16:20:00-04:00,79.799
2025-04-28T16:30:00-04:00,80.2
2025-04-28T16:40:00-04:00,80
2025-04-28T16:50:00-04:00,80
2025-04-28T17:00:00-04:00,80
2025-04-28T17:10:00-04:00,80.4
2025-04-28T17:20:00-04:00,80.599
2025-04-28T17:30:00-04:00,80
2025-04-28T17:40:00-04:00,80.2
2025-04-28T17:50:00-04:00,80
2025-04-28T18:00:00-04:00,80
2025-04-28T18:10:00-04:00,80.4
2025-04-28T18:20:00-04:00,80
2025-04-28T18:30:00-04:00,80.799
2025-04-28T18:40:00-04:00,80
2025-04-28T18:50:00-04:00,80
2025-04-28T19:00:00-04:00,80
2025-04-28T19:10:00-04:00,80
2025-04-28T19:20:00-04:00,80
2025-04-28T19:30:00-04:00,79.799
2025-04-28T19:40:00-04:00,80
2025-04-28T19:50:00-04:00,79
2025-04-28T20:00:00-04:00,79
2025-04-28T20:10:00-04:00,79
2025-04-28T20:20:00-04:00,79
2025-04-28T20:30:00-04:00,78.2
2025-04-28T20:40:00-04:00,78.2
2025-04-28T20:50:00-04:00,78
2025-04-28T21:00:00-04:00,77.799
2025-04-28T21:10:00-04:00,77.4
2025-04-28T21:20:00-04:00,77.2
2025-04-28T21:30:00-04:00,77.2
2025-04-28T21:40:00-04:00,77
2025-04-28T21:50:00-04:00,76.2
2025-04-28T22:00:00-04:00,76
2025-04-28T22:10:00-04:00,75.2
2025-04-28T22:20:00-04:00,75
2025-04-28T22:30:00-04:00,75
2025-04-28T22:40:00-04:00,74
2025-04-28T22:50:00-04:00,74
2025-04-28T23:00:00-04:00,74.2
2025-04-28T23:10:00-04:00,74
2025-04-28T23:20:00-04:00,73.799
2025-04-28T23:30:00-04:00,73.2
2025-04-28T23:40:00-04:00,72.799
2025-04-28T23:50:00-04:00,73
2025-04-29T00:00:00-04:00,73
2025-04-29T00:10:00-04:00,72
2025-04-29T00:20:00-04:00,72
2025-04-29T00:30:00-04:00,71.599
2025-04-29T00:40:00-04:00,71.4
2025-04-29T00:50:00-04:00,71.4
2025-04-29T01:00:00-04:00,70.599
2025-04-29T01:10:00-04:00,70.799
2025-04-29T01:20:00-04:00,70.799
2025-04-29T01:30:00-04:00,71
2025-04-29T01:40:00-04:00,71
2025-04-29T01:50:00-04:00,70.2
2025-04-29T02:00:00-04:00,70
2025-04-29T02:10:00-04:00,70
2025-04-29T02:20:00-04:00,70
2025-04-29T02:30:00-04:00,70
2025-04-29T02:40:00-04:00,69.599
2025-04-29T02:50:00-04:00,69.799
2025-04-29T03:00:00-04:00,69.799
2025-04-29T03:10:00-04:00,69.799
2025-04-29T03:20:00-04:00,70
2025-04-29T03:30:00-04:00,70
2025-04-29T03:40:00-04:00,70
2025-04-29T03:50:00-04:00,70
2025-04-29T04:00:00-04:00,70
2025-04-29T04:10:00-04:00,69.799
2025-04-29T04:20:00-04:00,69.2
2025-04-29T04:30:00-04:00,69
2025-04-29T04:40:00-04:00,69
2025-04-29T04:50:00-04:00,69
2025-04-29T05:00:00-04:00,69
2025-04-29T05:10:00-04:00,69
2025-04-29T05:20:00-04:00,69
2025-04-29T05:30:00-04:00,69
2025-04-29T05:40:00-04:00,69
2025-04-29T05:50:00-04:00,69
2025-04-29T06:00:00-04:00,69
2025-04-29T06:10:00-04:00,69.2
2025-04-29T06:20:00-04:00,69
2025-04-29T06:30:00-04:00,69
2025-04-29T06:40:00-04:00,69.2
2025-04-29T06:50:00-04:00,70
2025-04-29T07:00:00-04:00,70
2025-04-29T07:10:00-04:00,70.2
2025-04-29T07:20:00-04:00,71
2025-04-29T07:30:00-04:00,71.2
2025-04-29T07:40:00-04:00,71.799
2025-04-29T07:50:00-04:00,72.599
2025-04-29T08:00:00-04:00,74
2025-04-29T08:10:00-04:00,77.2
2025-04-29T08:20:00-04:00,80.2
2025-04-29T08:30:00-04:00,82.799
2025-04-29T08:40:00-04:00,85.2
2025-04-29T08:50:00-04:00,86.599
2025-04-29T09:00:00-04:00,88.599
2025-04-29T09:10:00-04:00,89.599
2025-04-29T09:20:00-04:00,90.4
2025-04-29T09:30:00-04:00,90.599
