Unix Time,Eastern Time,Occupancy
1745409600,2025-04-23 08:00:00,1
1745409660,2025-04-23 08:01:00,1
1745409720,2025-04-23 08:02:00,1
1745409780,2025-04-23 08:03:00,1
1745409840,2025-04-23 08:04:00,1
1745409900,2025-04-23 08:05:00,1
1745409960,2025-04-23 08:06:00,1
1745410020,2025-04-23 08:07:00,1
1745410080,2025-04-23 08:08:00,1
1745410140,2025-04-23 08:09:00,1
1745410200,2025-04-23 08:10:00,1
1745410260,2025-04-23 08:11:00,1
1745410320,2025-04-23 08:12:00,1
1745410380,2025-04-23 08:13:00,1
1745410440,2025-04-23 08:14:00,1
1745410500,2025-04-23 08:15:00,1
1745410560,2025-04-23 08:16:00,1
1745410620,2025-04-23 08:17:00,1
1745410680,2025-04-23 08:18:00,1
1745410740,2025-04-23 08:19:00,1
1745410800,2025-04-23 08:20:00,1
1745410860,2025-04-23 08:21:00,1
1745410920,2025-04-23 08:22:00,1
1745410980,2025-04-23 08:23:00,1
1745411040,2025-04-23 08:24:00,1
1745411100,2025-04-23 08:25:00,1
1745411160,2025-04-23 08:26:00,1
1745411220,2025-04-23 08:27:00,1
1745411280,2025-04-23 08:28:00,1
1745411340,2025-04-23 08:29:00,1
1745411400,2025-04-23 08:30:00,1
1745411460,2025-04-23 08:31:00,1
1745411520,2025-04-23 08:32:00,1
1745411580,2025-04-23 08:33:00,1
1745411640,2025-04-23 08:34:00,1
1745411700,2025-04-23 08:35:00,1
1745411760,2025-04-23 08:36:00,1
1745411820,2025-04-23 08:37:00,1
1745411880,2025-04-23 08:38:00,1
1745411940,2025-04-23 08:39:00,1
1745412000,2025-04-23 08:40:00,1
1745412060,2025-04-23 08:41:00,1
1745412120,2025-04-23 08:42:00,1
1745412180,2025-04-23 08:43:00,1
1745412240,2025-04-23 08:44:00,1
1745412300,2025-04-23 08:45:00,1
1745412360,2025-04-23 08:46:00,1
1745412420,2025-04-23 08:47:00,1
1745412480,2025-04-23 08:48:00,1
1745412540,2025-04-23 08:49:00,1
1745412600,2025-04-23 08:50:00,1
1745412660,2025-04-23 08:51:00,1
1745412720,2025-04-23 08:52:00,1
1745412780,2025-04-23 08:53:00,1
1745412840,2025-04-23 08:54:00,1
1745412900,2025-04-23 08:55:00,1
1745412960,2025-04-23 08:56:00,1
1745413020,2025-04-23 08:57:00,1
1745413080,2025-04-23 08:58:00,1
1745413140,2025-04-23 08:59:00,1
1745413200,2025-04-23 09:00:00,1
1745413260,2025-04-23 09:01:00,1
1745413320,2025-04-23 09:02:00,1
1745413380,2025-04-23 09:03:00,1
1745413440,2025-04-23 09:04:00,1
1745413500,2025-04-23 09:05:00,1
1745413560,2025-04-23 09:06:00,1
1745413620,2025-04-23 09:07:00,1
1745413680,2025-04-23 09:08:00,1
1745413740,2025-04-23 09:09:00,1
1745413800,2025-04-23 09:10:00,1
1745413860,2025-04-23 09:11:00,1
1745413920,2025-04-23 09:12:00,1
1745413980,2025-04-23 09:13:00,1
1745414040,2025-04-23 09:14:00,1
1745414100,2025-04-23 09:15:00,1
1745414160,2025-04-23 09:16:00,1
1745414220,2025-04-23 09:17:00,1
1745414280,2025-04-23 09:18:00,1
1745414340,2025-04-23 09:19:00,1
1745414400,2025-04-23 09:20:00,1
1745414460,2025-04-23 09:21:00,1
1745414520,2025-04-23 09:22:00,1
1745414580,2025-04-23 09:23:00,1
1745414640,2025-04-23 09:24:00,1
1745414700,2025-04-23 09:25:00,1
1745414760,2025-04-23 09:26:00,1
1745414820,2025-04-23 09:27:00,1
1745414880,2025-04-23 09:28:00,1
1745414940,2025-04-23 09:29:00,1
1745415000,2025-04-23 09:30:00,1
1745415060,2025-04-23 09:31:00,1
1745415120,2025-04-23 09:32:00,1
1745415180,2025-04-23 09:33:00,1
1745415240,2025-04-23 09:34:00,1
1745415300,2025-04-23 09:35:00,1
1745415360,2025-04-23 09:36:00,1
1745415420,2025-04-23 09:37:00,1
1745415480,2025-04-23 09:38:00,1
1745415540,2025-04-23 09:39:00,1
1745415600,2025-04-23 09:40:00,1
1745415660,2025-04-23 09:41:00,1
1745415720,2025-04-23 09:42:00,1
1745415780,2025-04-23 09:43:00,1
1745415840,2025-04-23 09:44:00,1
1745415900,2025-04-23 09:45:00,1
1745415960,2025-04-23 09:46:00,1
1745416020,2025-04-23 09:47:00,1
1745416080,2025-04-23 09:48:00,1
1745416140,2025-04-23 09:49:00,1
1745416200,2025-04-23 09:50:00,1
1745416260,2025-04-23 09:51:00,1
1745416320,2025-04-23 09:52:00,1
1745416380,2025-04-23 09:53:00,1
1745416440,2025-04-23 09:54:00,1
1745416500,2025-04-23 09:55:00,1
1745416560,2025-04-23 09:56:00,1
1745416620,2025-04-23 09:57:00,1
1745416680,2025-04-23 09:58:00,1
1745416740,2025-04-23 09:59:00,1
1745416800,2025-04-23 10:00:00,1
1745416860,2025-04-23 10:01:00,1
1745416920,2025-04-23 10:02:00,1
1745416980,2025-04-23 10:03:00,1
1745417040,2025-04-23 10:04:00,1
1745417100,2025-04-23 10:05:00,1
1745417160,2025-04-23 10:06:00,1
1745417220,2025-04-23 10:07:00,1
1745417280,2025-04-23 10:08:00,1
1745417340,2025-04-23 10:09:00,1
1745417400,2025-04-23 10:10:00,1
1745417460,2025-04-23 10:11:00,1
1745417520,2025-04-23 10:12:00,1
1745417580,2025-04-23 10:13:00,1
1745417640,2025-04-23 10:14:00,1
1745417700,2025-04-23 10:15:00,1
1745417760,2025-04-23 10:16:00,1
1745417820,2025-04-23 10:17:00,1
1745417880,2025-04-23 10:18:00,1
1745417940,2025-04-23 10:19:00,1
1745418000,2025-04-23 10:20:00,1
1745418060,2025-04-23 10:21:00,1
1745418120,2025-04-23 10:22:00,1
1745418180,2025-04-23 10:23:00,1
1745418240,2025-04-23 10:24:00,1
1745418300,2025-04-23 10:25:00,1
1745418360,2025-04-23 10:26:00,1
1745418420,2025-04-23 10:27:00,1
1745418480,2025-04-23 10:28:00,1
1745418540,2025-04-23 10:29:00,1
1745418600,2025-04-23 10:30:00,1
1745418660,2025-04-23 10:31:00,1
1745418720,2025-04-23 10:32:00,1
1745418780,2025-04-23 10:33:00,1
1745418840,2025-04-23 10:34:00,1
1745418900,2025-04-23 10:35:00,1
1745418960,2025-04-23 10:36:00,1
1745419020,2025-04-23 10:37:00,1
1745419080,2025-04-23 10:38:00,1
1745419140,2025-04-23 10:39:00,1
1745419200,2025-04-23 10:40:00,1
1745419260,2025-04-23 10:41:00,1
1745419320,2025-04-23 10:42:00,1
1745419380,2025-04-23 10:43:00,1
1745419440,2025-04-23 10:44:00,1
1745419500,2025-04-23 10:45:00,1
1745419560,2025-04-23 10:46:00,1
1745419620,2025-04-23 10:47:00,1
1745419680,2025-04-23 10:48:00,1
1745419740,2025-04-23 10:49:00,1
1745419800,2025-04-23 10:50:00,1
1745419860,2025-04-23 10:51:00,1
1745419920,2025-04-23 10:52:00,1
1745419980,2025-04-23 10:53:00,1
1745420040,2025-04-23 10:54:00,1
1745420100,2025-04-23 10:55:00,1
1745420160,2025-04-23 10:56:00,1
1745420220,2025-04-23 10:57:00,1
1745420280,2025-04-23 10:58:00,1
1745420340,2025-04-23 10:59:00,1
1745420400,2025-04-23 11:00:00,1
1745420460,2025-04-23 11:01:00,1
1745420520,2025-04-23 11:02:00,1
1745420580,2025-04-23 11:03:00,1
1745420640,2025-04-23 11:04:00,1
1745420700,2025-04-23 11:05:00,1
1745420760,2025-04-23 11:06:00,1
1745420820,2025-04-23 11:07:00,1
1745420880,2025-04-23 11:08:00,1
1745420940,2025-04-23 11:09:00,1
1745421000,2025-04-23 11:10:00,1
1745421060,2025-04-23 11:11:00,1
1745421120,2025-04-23 11:12:00,1
1745421180,2025-04-23 11:13:00,1
1745421240,2025-04-23 11:14:00,1
1745421300,2025-04-23 11:15:00,1
1745421360,2025-04-23 11:16:00,1
1745421420,2025-04-23 11:17:00,1
1745421480,2025-04-23 11:18:00,1
1745421540,2025-04-23 11:19:00,1
1745421600,2025-04-23 11:20:00,1
1745421660,2025-04-23 11:21:00,1
1745421720,2025-04-23 11:22:00,1
1745421780,2025-04-23 11:23:00,1
1745421840,2025-04-23 11:24:00,1
1745421900,2025-04-23 11:25:00,1
1745421960,2025-04-23 11:26:00,1
1745422020,2025-04-23 11:27:00,1
1745422080,2025-04-23 11:28:00,1
1745422140,2025-04-23 11:29:00,1
1745422200,2025-04-23 11:30:00,1
1745422260,2025-04-23 11:31:00,1
1745422320,2025-04-23 11:32:00,1
1745422380,2025-04-23 11:33:00,1
1745422440,2025-04-23 11:34:00,1
1745422500,2025-04-23 11:35:00,1
1745422560,2025-04-23 11:36:00,1
1745422620,2025-04-23 11:37:00,1
1745422680,2025-04-23 11:38:00,1
1745422740,2025-04-23 11:39:00,1
1745422800,2025-04-23 11:40:00,1
1745422860,2025-04-23 11:41:00,1
1745422920,2025-04-23 11:42:00,1
1745422980,2025-04-23 11:43:00,1
1745423040,2025-04-23 11:44:00,1
1745423100,2025-04-23 11:45:00,1
1745423160,2025-04-23 11:46:00,1
1745423220,2025-04-23 11:47:00,1
1745423280,2025-04-23 11:48:00,1
1745423340,2025-04-23 11:49:00,1
1745423400,2025-04-23 11:50:00,1
1745423460,2025-04-23 11:51:00,1
1745423520,2025-04-23 11:52:00,1
1745423580,2025-04-23 11:53:00,1
1745423640,2025-04-23 11:54:00,1
1745423700,2025-04-23 11:55:00,1
1745423760,2025-04-23 11:56:00,1
1745423820,2025-04-23 11:57:00,1
1745423880,2025-04-23 11:58:00,1
1745423940,2025-04-23 11:59:00,1
1745424000,2025-04-23 12:00:00,1
1745424060,2025-04-23 12:01:00,1
1745424120,2025-04-23 12:02:00,1
1745424180,2025-04-23 12:03:00,1
1745424240,2025-04-23 12:04:00,1
1745424300,2025-04-23 12:05:00,1
1745424360,2025-04-23 12:06:00,1
1745424420,2025-04-23 12:07:00,1
1745424480,2025-04-23 12:08:00,1
1745424540,2025-04-23 12:09:00,1
1745424600,2025-04-23 12:10:00,1
1745424660,2025-04-23 12:11:00,1
1745424720,2025-04-23 12:12:00,1
1745424780,2025-04-23 12:13:00,1
1745424840,2025-04-23 12:14:00,1
1745424900,2025-04-23 12:15:00,1
1745424960,2025-04-23 12:16:00,1
1745425020,2025-04-23 12:17:00,1
1745425080,2025-04-23 12:18:00,1
1745425140,2025-04-23 12:19:00,1
1745425200,2025-04-23 12:20:00,1
1745425260,2025-04-23 12:21:00,1
1745425320,2025-04-23 12:22:00,1
1745425380,2025-04-23 12:23:00,1
1745425440,2025-04-23 12:24:00,1
1745425500,2025-04-23 12:25:00,1
1745425560,2025-04-23 12:26:00,1
1745425620,2025-04-23 12:27:00,1
1745425680,2025-04-23 12:28:00,1
1745425740,2025-04-23 12:29:00,1
1745425800,2025-04-23 12:30:00,1
1745425860,2025-04-23 12:31:00,1
1745425920,2025-04-23 12:32:00,1
1745425980,2025-04-23 12:33:00,1
1745426040,2025-04-23 12:34:00,1
1745426100,2025-04-23 12:35:00,1
1745426160,2025-04-23 12:36:00,1
1745426220,2025-04-23 12:37:00,1
1745426280,2025-04-23 12:38:00,1
1745426340,2025-04-23 12:39:00,1
1745426400,2025-04-23 12:40:00,1
1745426460,2025-04-23 12:41:00,1
1745426520,2025-04-23 12:42:00,1
1745426580,2025-04-23 12:43:00,1
1745426640,2025-04-23 12:44:00,1
1745426700,2025-04-23 12:45:00,1
1745426760,2025-04-23 12:46:00,1
1745426820,2025-04-23 12:47:00,1
1745426880,2025-04-23 12:48:00,1
1745426940,2025-04-23 12:49:00,1
1745427000,2025-04-23 12:50:00,1
1745427060,2025-04-23 12:51:00,1
1745427120,2025-04-23 12:52:00,1
1745427180,2025-04-23 12:53:00,1
1745427240,2025-04-23 12:54:00,1
1745427300,2025-04-23 12:55:00,1
1745427360,2025-04-23 12:56:00,1
1745427420,2025-04-23 12:57:00,1
1745427480,2025-04-23 12:58:00,1
1745427540,2025-04-23 12:59:00,1
1745427600,2025-04-23 13:00:00,1
1745427660,2025-04-23 13:01:00,1
1745427720,2025-04-23 13:02:00,1
1745427780,2025-04-23 13:03:00,1
1745427840,2025-04-23 13:04:00,1
1745427900,2025-04-23 13:05:00,1
1745427960,2025-04-23 13:06:00,1
1745428020,2025-04-23 13:07:00,1
1745428080,2025-04-23 13:08:00,1
1745428140,2025-04-23 13:09:00,1
1745428200,2025-04-23 13:10:00,1
1745428260,2025-04-23 13:11:00,1
1745428320,2025-04-23 13:12:00,1
1745428380,2025-04-23 13:13:00,1
1745428440,2025-04-23 13:14:00,1
1745428500,2025-04-23 13:15:00,1
1745428560,2025-04-23 13:16:00,1
1745428620,2025-04-23 13:17:00,1
1745428680,2025-04-23 13:18:00,1
1745428740,2025-04-23 13:19:00,1
1745428800,2025-04-23 13:20:00,1
1745428860,2025-04-23 13:21:00,1
1745428920,2025-04-23 13:22:00,1
1745428980,2025-04-23 13:23:00,1
1745429040,2025-04-23 13:24:00,1
1745429100,2025-04-23 13:25:00,1
1745429160,2025-04-23 13:26:00,1
1745429220,2025-04-23 13:27:00,1
1745429280,2025-04-23 13:28:00,1
1745429340,2025-04-23 13:29:00,1
1745429400,2025-04-23 13:30:00,1
1745429460,2025-04-23 13:31:00,1
1745429520,2025-04-23 13:32:00,1
1745429580,2025-04-23 13:33:00,1
1745429640,2025-04-23 13:34:00,1
1745429700,2025-04-23 13:35:00,1
1745429760,2025-04-23 13:36:00,1
1745429820,2025-04-23 13:37:00,1
1745429880,2025-04-23 13:38:00,1
1745429940,2025-04-23 13:39:00,1
1745430000,2025-04-23 13:40:00,1
1745430060,2025-04-23 13:41:00,1
1745430120,2025-04-23 13:42:00,1
1745430180,2025-04-23 13:43:00,1
1745430240,2025-04-23 13:44:00,1
1745430300,2025-04-23 13:45:00,1
1745430360,2025-04-23 13:46:00,1
1745430420,2025-04-23 13:47:00,1
1745430480,2025-04-23 13:48:00,1
1745430540,2025-04-23 13:49:00,1
1745430600,2025-04-23 13:50:00,1
1745430660,2025-04-23 13:51:00,1
1745430720,2025-04-23 13:52:00,1
1745430780,2025-04-23 13:53:00,1
1745430840,2025-04-23 13:54:00,1
1745430900,2025-04-23 13:55:00,1
1745430960,2025-04-23 13:56:00,1
1745431020,2025-04-23 13:57:00,1
1745431080,2025-04-23 13:58:00,1
1745431140,2025-04-23 13:59:00,1
1745431200,2025-04-23 14:00:00,1
1745431260,2025-04-23 14:01:00,1
1745431320,2025-04-23 14:02:00,1
1745431380,2025-04-23 14:03:00,1
1745431440,2025-04-23 14:04:00,1
1745431500,2025-04-23 14:05:00,1
1745431560,2025-04-23 14:06:00,1
1745431620,2025-04-23 14:07:00,1
1745431680,2025-04-23 14:08:00,1
1745431740,2025-04-23 14:09:00,1
1745431800,2025-04-23 14:10:00,1
1745431860,2025-04-23 14:11:00,1
1745431920,2025-04-23 14:12:00,1
1745431980,2025-04-23 14:13:00,1
1745432040,2025-04-23 14:14:00,1
1745432100,2025-04-23 14:15:00,1
1745432160,2025-04-23 14:16:00,1
1745432220,2025-04-23 14:17:00,1
1745432280,2025-04-23 14:18:00,1
1745432340,2025-04-23 14:19:00,1
1745432400,2025-04-23 14:20:00,1
1745432460,2025-04-23 14:21:00,1
1745432520,2025-04-23 14:22:00,1
1745432580,2025-04-23 14:23:00,1
1745432640,2025-04-23 14:24:00,1
1745432700,2025-04-23 14:25:00,1
1745432760,2025-04-23 14:26:00,1
1745432820,2025-04-23 14:27:00,1
1745432880,2025-04-23 14:28:00,1
1745432940,2025-04-23 14:29:00,1
1745433000,2025-04-23 14:30:00,1
1745433060,2025-04-23 14:31:00,1
1745433120,2025-04-23 14:32:00,1
1745433180,2025-04-23 14:33:00,1
1745433240,2025-04-23 14:34:00,1
1745433300,2025-04-23 14:35:00,1
1745433360,2025-04-23 14:36:00,1
1745433420,2025-04-23 14:37:00,1
1745433480,2025-04-23 14:38:00,1
1745433540,2025-04-23 14:39:00,1
1745433600,2025-04-23 14:40:00,1
1745433660,2025-04-23 14:41:00,1
1745433720,2025-04-23 14:42:00,1
1745433780,2025-04-23 14:43:00,1
1745433840,2025-04-23 14:44:00,1
1745433900,2025-04-23 14:45:00,1
1745433960,2025-04-23 14:46:00,1
1745434020,2025-04-23 14:47:00,1
1745434080,2025-04-23 14:48:00,1
1745434140,2025-04-23 14:49:00,1
1745434200,2025-04-23 14:50:00,1
1745434260,2025-04-23 14:51:00,1
1745434320,2025-04-23 14:52:00,1
1745434380,2025-04-23 14:53:00,1
1745434440,2025-04-23 14:54:00,1
1745434500,2025-04-23 14:55:00,1
1745434560,2025-04-23 14:56:00,1
1745434620,2025-04-23 14:57:00,1
1745434680,2025-04-23 14:58:00,1
1745434740,2025-04-23 14:59:00,1
1745434800,2025-04-23 15:00:00,0
1745434860,2025-04-23 15:01:00,0
1745434920,2025-04-23 15:02:00,0
1745434980,2025-04-23 15:03:00,0
1745435040,2025-04-23 15:04:00,0
1745435100,2025-04-23 15:05:00,0
1745435160,2025-04-23 15:06:00,0
1745435220,2025-04-23 15:07:00,0
1745435280,2025-04-23 15:08:00,0
1745435340,2025-04-23 15:09:00,0
1745435400,2025-04-23 15:10:00,0
1745435460,2025-04-23 15:11:00,0
1745435520,2025-04-23 15:12:00,0
1745435580,2025-04-23 15:13:00,0
1745435640,2025-04-23 15:14:00,0
1745435700,2025-04-23 15:15:00,0
1745435760,2025-04-23 15:16:00,0
1745435820,2025-04-23 15:17:00,0
1745435880,2025-04-23 15:18:00,0
1745435940,2025-04-23 15:19:00,0
1745436000,2025-04-23 15:20:00,0
1745436060,2025-04-23 15:21:00,0
1745436120,2025-04-23 15:22:00,0
1745436180,2025-04-23 15:23:00,0
1745436240,2025-04-23 15:24:00,0
1745436300,2025-04-23 15:25:00,0
1745436360,2025-04-23 15:26:00,0
1745436420,2025-04-23 15:27:00,0
1745436480,2025-04-23 15:28:00,0
1745436540,2025-04-23 15:29:00,0
1745436600,2025-04-23 15:30:00,0
1745436660,2025-04-23 15:31:00,0
1745436720,2025-04-23 15:32:00,0
1745436780,2025-04-23 15:33:00,0
1745436840,2025-04-23 15:34:00,0
1745436900,2025-04-23 15:35:00,0
1745436960,2025-04-23 15:36:00,0
1745437020,2025-04-23 15:37:00,0
1745437080,2025-04-23 15:38:00,0
1745437140,2025-04-23 15:39:00,0
1745437200,2025-04-23 15:40:00,0
1745437260,2025-04-23 15:41:00,0
1745437320,2025-04-23 15:42:00,0
1745437380,2025-04-23 15:43:00,0
1745437440,2025-04-23 15:44:00,0
1745437500,2025-04-23 15:45:00,0
1745437560,2025-04-23 15:46:00,0
1745437620,2025-04-23 15:47:00,0
1745437680,2025-04-23 15:48:00,0
1745437740,2025-04-23 15:49:00,0
1745437800,2025-04-23 15:50:00,0
1745437860,2025-04-23 15:51:00,0
1745437920,2025-04-23 15:52:00,0
1745437980,2025-04-23 15:53:00,0
1745438040,2025-04-23 15:54:00,0
1745438100,2025-04-23 15:55:00,0
1745438160,2025-04-23 15:56:00,0
1745438220,2025-04-23 15:57:00,0
1745438280,2025-04-23 15:58:00,0
1745438340,2025-04-23 15:59:00,0
1745438400,2025-04-23 16:00:00,0
1745438460,2025-04-23 16:01:00,0
1745438520,2025-04-23 16:02:00,0
1745438580,2025-04-23 16:03:00,0
1745438640,2025-04-23 16:04:00,0
1745438700,2025-04-23 16:05:00,0
1745438760,2025-04-23 16:06:00,0
1745438820,2025-04-23 16:07:00,0
1745438880,2025-04-23 16:08:00,0
1745438940,2025-04-23 16:09:00,0
1745439000,2025-04-23 16:10:00,0
1745439060,2025-04-23 16:11:00,0
1745439120,2025-04-23 16:12:00,0
1745439180,2025-04-23 16:13:00,0
1745439240,2025-04-23 16:14:00,0
1745439300,2025-04-23 16:15:00,0
1745439360,2025-04-23 16:16:00,0
1745439420,2025-04-23 16:17:00,0
1745439480,2025-04-23 16:18:00,0
1745439540,2025-04-23 16:19:00,0
1745439600,2025-04-23 16:20:00,0
1745439660,2025-04-23 16:21:00,0
1745439720,2025-04-23 16:22:00,0
1745439780,2025-04-23 16:23:00,0
1745439840,2025-04-23 16:24:00,0
1745439900,2025-04-23 16:25:00,0
1745439960,2025-04-23 16:26:00,0
1745440020,2025-04-23 16:27:00,0
1745440080,2025-04-23 16:28:00,0
1745440140,2025-04-23 16:29:00,0
1745440200,2025-04-23 16:30:00,0
1745440260,2025-04-23 16:31:00,0
1745440320,2025-04-23 16:32:00,0
1745440380,2025-04-23 16:33:00,0
1745440440,2025-04-23 16:34:00,0
1745440500,2025-04-23 16:35:00,0
1745440560,2025-04-23 16:36:00,0
1745440620,2025-04-23 16:37:00,0
1745440680,2025-04-23 16:38:00,0
1745440740,2025-04-23 16:39:00,0
1745440800,2025-04-23 16:40:00,0
1745440860,2025-04-23 16:41:00,0
1745440920,2025-04-23 16:42:00,0
1745440980,2025-04-23 16:43:00,0
1745441040,2025-04-23 16:44:00,0
1745441100,2025-04-23 16:45:00,0
1745441160,2025-04-23 16:46:00,0
1745441220,2025-04-23 16:47:00,0
1745441280,2025-04-23 16:48:00,0
1745441340,2025-04-23 16:49:00,0
1745441400,2025-04-23 16:50:00,0
1745441460,2025-04-23 16:51:00,0
1745441520,2025-04-23 16:52:00,0
1745441580,2025-04-23 16:53:00,0
1745441640,2025-04-23 16:54:00,0
1745441700,2025-04-23 16:55:00,0
1745441760,2025-04-23 16:56:00,0
1745441820,2025-04-23 16:57:00,0
1745441880,2025-04-23 16:58:00,0
1745441940,2025-04-23 16:59:00,0
1745442000,2025-04-23 17:00:00,0
1745442060,2025-04-23 17:01:00,0
1745442120,2025-04-23 17:02:00,0
1745442180,2025-04-23 17:03:00,0
1745442240,2025-04-23 17:04:00,0
1745442300,2025-04-23 17:05:00,0
1745442360,2025-04-23 17:06:00,0
1745442420,2025-04-23 17:07:00,0
1745442480,2025-04-23 17:08:00,0
1745442540,2025-04-23 17:09:00,0
1745442600,2025-04-23 17:10:00,0
1745442660,2025-04-23 17:11:00,0
1745442720,2025-04-23 17:12:00,0
1745442780,2025-04-23 17:13:00,0
1745442840,2025-04-23 17:14:00,0
1745442900,2025-04-23 17:15:00,0
1745442960,2025-04-23 17:16:00,0
1745443020,2025-04-23 17:17:00,0
1745443080,2025-04-23 17:18:00,0
1745443140,2025-04-23 17:19:00,0
1745443200,2025-04-23 17:20:00,0
1745443260,2025-04-23 17:21:00,0
1745443320,2025-04-23 17:22:00,0
1745443380,2025-04-23 17:23:00,0
1745443440,2025-04-23 17:24:00,0
1745443500,2025-04-23 17:25:00,0
1745443560,2025-04-23 17:26:00,0
1745443620,2025-04-23 17:27:00,0
1745443680,2025-04-23 17:28:00,0
1745443740,2025-04-23 17:29:00,0
1745443800,2025-04-23 17:30:00,0
1745443860,2025-04-23 17:31:00,0
1745443920,2025-04-23 17:32:00,0
1745443980,2025-04-23 17:33:00,0
1745444040,2025-04-23 17:34:00,0
1745444100,2025-04-23 17:35:00,0
1745444160,2025-04-23 17:36:00,0
1745444220,2025-04-23 17:37:00,0
1745444280,2025-04-23 17:38:00,0
1745444340,2025-04-23 17:39:00,0
1745444400,2025-04-23 17:40:00,0
1745444460,2025-04-23 17:41:00,0
1745444520,2025-04-23 17:42:00,0
1745444580,2025-04-23 17:43:00,0
1745444640,2025-04-23 17:44:00,0
1745444700,2025-04-23 17:45:00,0
1745444760,2025-04-23 17:46:00,0
1745444820,2025-04-23 17:47:00,0
1745444880,2025-04-23 17:48:00,0
1745444940,2025-04-23 17:49:00,0
1745445000,2025-04-23 17:50:00,0
1745445060,2025-04-23 17:51:00,0
1745445120,2025-04-23 17:52:00,0
1745445180,2025-04-23 17:53:00,0
1745445240,2025-04-23 17:54:00,0
1745445300,2025-04-23 17:55:00,0
1745445360,2025-04-23 17:56:00,0
1745445420,2025-04-23 17:57:00,0
1745445480,2025-04-23 17:58:00,0
1745445540,2025-04-23 17:59:00,0
1745445600,2025-04-23 18:00:00,1
1745445660,2025-04-23 18:01:00,1
1745445720,2025-04-23 18:02:00,1
1745445780,2025-04-23 18:03:00,1
1745445840,2025-04-23 18:04:00,1
1745445900,2025-04-23 18:05:00,1
1745445960,2025-04-23 18:06:00,1
1745446020,2025-04-23 18:07:00,1
1745446080,2025-04-23 18:08:00,1
1745446140,2025-04-23 18:09:00,1
1745446200,2025-04-23 18:10:00,1
1745446260,2025-04-23 18:11:00,1
1745446320,2025-04-23 18:12:00,1
1745446380,2025-04-23 18:13:00,1
1745446440,2025-04-23 18:14:00,1
1745446500,2025-04-23 18:15:00,1
1745446560,2025-04-23 18:16:00,1
1745446620,2025-04-23 18:17:00,1
1745446680,2025-04-23 18:18:00,1
1745446740,2025-04-23 18:19:00,1
1745446800,2025-04-23 18:20:00,1
1745446860,2025-04-23 18:21:00,1
1745446920,2025-04-23 18:22:00,1
1745446980,2025-04-23 18:23:00,1
1745447040,2025-04-23 18:24:00,1
1745447100,2025-04-23 18:25:00,1
1745447160,2025-04-23 18:26:00,1
1745447220,2025-04-23 18:27:00,1
1745447280,2025-04-23 18:28:00,1
1745447340,2025-04-23 18:29:00,1
1745447400,2025-04-23 18:30:00,1
1745447460,2025-04-23 18:31:00,1
1745447520,2025-04-23 18:32:00,1
1745447580,2025-04-23 18:33:00,1
1745447640,2025-04-23 18:34:00,1
1745447700,2025-04-23 18:35:00,1
1745447760,2025-04-23 18:36:00,1
1745447820,2025-04-23 18:37:00,1
1745447880,2025-04-23 18:38:00,1
1745447940,2025-04-23 18:39:00,1
1745448000,2025-04-23 18:40:00,1
1745448060,2025-04-23 18:41:00,1
1745448120,2025-04-23 18:42:00,1
1745448180,2025-04-23 18:43:00,1
1745448240,2025-04-23 18:44:00,1
1745448300,2025-04-23 18:45:00,1
1745448360,2025-04-23 18:46:00,1
1745448420,2025-04-23 18:47:00,1
1745448480,2025-04-23 18:48:00,1
1745448540,2025-04-23 18:49:00,1
1745448600,2025-04-23 18:50:00,1
1745448660,2025-04-23 18:51:00,1
1745448720,2025-04-23 18:52:00,1
1745448780,2025-04-23 18:53:00,1
1745448840,2025-04-23 18:54:00,1
1745448900,2025-04-23 18:55:00,1
1745448960,2025-04-23 18:56:00,1
1745449020,2025-04-23 18:57:00,1
1745449080,2025-04-23 18:58:00,1
1745449140,2025-04-23 18:59:00,1
1745449200,2025-04-23 19:00:00,1
1745449260,2025-04-23 19:01:00,1
1745449320,2025-04-23 19:02:00,1
1745449380,2025-04-23 19:03:00,1
1745449440,2025-04-23 19:04:00,1
1745449500,2025-04-23 19:05:00,1
1745449560,2025-04-23 19:06:00,1
1745449620,2025-04-23 19:07:00,1
1745449680,2025-04-23 19:08:00,1
1745449740,2025-04-23 19:09:00,1
1745449800,2025-04-23 19:10:00,1
1745449860,2025-04-23 19:11:00,1
1745449920,2025-04-23 19:12:00,1
1745449980,2025-04-23 19:13:00,1
1745450040,2025-04-23 19:14:00,1
1745450100,2025-04-23 19:15:00,1
1745450160,2025-04-23 19:16:00,1
1745450220,2025-04-23 19:17:00,1
1745450280,2025-04-23 19:18:00,1
1745450340,2025-04-23 19:19:00,1
1745450400,2025-04-23 19:20:00,1
1745450460,2025-04-23 19:21:00,1
1745450520,2025-04-23 19:22:00,1
1745450580,2025-04-23 19:23:00,1
1745450640,2025-04-23 19:24:00,1
1745450700,2025-04-23 19:25:00,1
1745450760,2025-04-23 19:26:00,1
1745450820,2025-04-23 19:27:00,1
1745450880,2025-04-23 19:28:00,1
1745450940,2025-04-23 19:29:00,1
1745451000,2025-04-23 19:30:00,1
1745451060,2025-04-23 19:31:00,1
1745451120,2025-04-23 19:32:00,1
1745451180,2025-04-23 19:33:00,1
1745451240,2025-04-23 19:34:00,1
1745451300,2025-04-23 19:35:00,1
1745451360,2025-04-23 19:36:00,1
1745451420,2025-04-23 19:37:00,1
1745451480,2025-04-23 19:38:00,1
1745451540,2025-04-23 19:39:00,1
1745451600,2025-04-23 19:40:00,1
1745451660,2025-04-23 19:41:00,1
1745451720,2025-04-23 19:42:00,1
1745451780,2025-04-23 19:43:00,1
1745451840,2025-04-23 19:44:00,1
1745451900,2025-04-23 19:45:00,1
1745451960,2025-04-23 19:46:00,1
1745452020,2025-04-23 19:47:00,1
1745452080,2025-04-23 19:48:00,1
1745452140,2025-04-23 19:49:00,1
1745452200,2025-04-23 19:50:00,1
1745452260,2025-04-23 19:51:00,1
1745452320,2025-04-23 19:52:00,1
1745452380,2025-04-23 19:53:00,1
1745452440,2025-04-23 19:54:00,1
1745452500,2025-04-23 19:55:00,1
1745452560,2025-04-23 19:56:00,1
1745452620,2025-04-23 19:57:00,1
1745452680,2025-04-23 19:58:00,1
1745452740,2025-04-23 19:59:00,1
1745452800,2025-04-23 20:00:00,0
1745452860,2025-04-23 20:01:00,0
1745452920,2025-04-23 20:02:00,0
1745452980,2025-04-23 20:03:00,0
1745453040,2025-04-23 20:04:00,0
1745453100,2025-04-23 20:05:00,0
1745453160,2025-04-23 20:06:00,0
1745453220,2025-04-23 20:07:00,0
1745453280,2025-04-23 20:08:00,0
1745453340,2025-04-23 20:09:00,0
1745453400,2025-04-23 20:10:00,0
1745453460,2025-04-23 20:11:00,0
1745453520,2025-04-23 20:12:00,0
1745453580,2025-04-23 20:13:00,0
1745453640,2025-04-23 20:14:00,0
1745453700,2025-04-23 20:15:00,0
1745453760,2025-04-23 20:16:00,0
1745453820,2025-04-23 20:17:00,0
1745453880,2025-04-23 20:18:00,0
1745453940,2025-04-23 20:19:00,0
1745454000,2025-04-23 20:20:00,0
1745454060,2025-04-23 20:21:00,0
1745454120,2025-04-23 20:22:00,0
1745454180,2025-04-23 20:23:00,0
1745454240,2025-04-23 20:24:00,0
1745454300,2025-04-23 20:25:00,0
1745454360,2025-04-23 20:26:00,0
1745454420,2025-04-23 20:27:00,0
1745454480,2025-04-23 20:28:00,0
1745454540,2025-04-23 20:29:00,0
1745454600,2025-04-23 20:30:00,0
1745454660,2025-04-23 20:31:00,0
1745454720,2025-04-23 20:32:00,0
1745454780,2025-04-23 20:33:00,0
1745454840,2025-04-23 20:34:00,0
1745454900,2025-04-23 20:35:00,0
1745454960,2025-04-23 20:36:00,0
1745455020,2025-04-23 20:37:00,0
1745455080,2025-04-23 20:38:00,0
1745455140,2025-04-23 20:39:00,0
1745455200,2025-04-23 20:40:00,0
1745455260,2025-04-23 20:41:00,0
1745455320,2025-04-23 20:42:00,0
1745455380,2025-04-23 20:43:00,0
1745455440,2025-04-23 20:44:00,0
1745455500,2025-04-23 20:45:00,0
1745455560,2025-04-23 20:46:00,0
1745455620,2025-04-23 20:47:00,0
1745455680,2025-04-23 20:48:00,0
1745455740,2025-04-23 20:49:00,0
1745455800,2025-04-23 20:50:00,0
1745455860,2025-04-23 20:51:00,0
1745455920,2025-04-23 20:52:00,0
1745455980,2025-04-23 20:53:00,0
1745456040,2025-04-23 20:54:00,0
1745456100,2025-04-23 20:55:00,0
1745456160,2025-04-23 20:56:00,0
1745456220,2025-04-23 20:57:00,0
1745456280,2025-04-23 20:58:00,0
1745456340,2025-04-23 20:59:00,0
1745456400,2025-04-23 21:00:00,0
1745456460,2025-04-23 21:01:00,0
1745456520,2025-04-23 21:02:00,0
1745456580,2025-04-23 21:03:00,0
1745456640,2025-04-23 21:04:00,0
1745456700,2025-04-23 21:05:00,0
1745456760,2025-04-23 21:06:00,0
1745456820,2025-04-23 21:07:00,0
1745456880,2025-04-23 21:08:00,0
1745456940,2025-04-23 21:09:00,0
1745457000,2025-04-23 21:10:00,0
1745457060,2025-04-23 21:11:00,0
1745457120,2025-04-23 21:12:00,0
1745457180,2025-04-23 21:13:00,0
1745457240,2025-04-23 21:14:00,0
1745457300,2025-04-23 21:15:00,0
1745457360,2025-04-23 21:16:00,0
1745457420,2025-04-23 21:17:00,0
1745457480,2025-04-23 21:18:00,0
1745457540,2025-04-23 21:19:00,0
1745457600,2025-04-23 21:20:00,0
1745457660,2025-04-23 21:21:00,0
1745457720,2025-04-23 21:22:00,0
1745457780,2025-04-23 21:23:00,0
1745457840,2025-04-23 21:24:00,0
1745457900,2025-04-23 21:25:00,0
1745457960,2025-04-23 21:26:00,0
1745458020,2025-04-23 21:27:00,0
1745458080,2025-04-23 21:28:00,0
1745458140,2025-04-23 21:29:00,0
1745458200,2025-04-23 21:30:00,0
1745458260,2025-04-23 21:31:00,0
1745458320,2025-04-23 21:32:00,0
1745458380,2025-04-23 21:33:00,0
1745458440,2025-04-23 21:34:00,0
1745458500,2025-04-23 21:35:00,0
1745458560,2025-04-23 21:36:00,0
1745458620,2025-04-23 21:37:00,0
1745458680,2025-04-23 21:38:00,0
1745458740,2025-04-23 21:39:00,0
1745458800,2025-04-23 21:40:00,0
1745458860,2025-04-23 21:41:00,0
1745458920,2025-04-23 21:42:00,0
1745458980,2025-04-23 21:43:00,0
1745459040,2025-04-23 21:44:00,0
1745459100,2025-04-23 21:45:00,0
1745459160,2025-04-23 21:46:00,0
1745459220,2025-04-23 21:47:00,0
1745459280,2025-04-23 21:48:00,0
1745459340,2025-04-23 21:49:00,0
1745459400,2025-04-23 21:50:00,0
1745459460,2025-04-23 21:51:00,0
1745459520,2025-04-23 21:52:00,0
1745459580,2025-04-23 21:53:00,0
1745459640,2025-04-23 21:54:00,0
1745459700,2025-04-23 21:55:00,0
1745459760,2025-04-23 21:56:00,0
1745459820,2025-04-23 21:57:00,0
1745459880,2025-04-23 21:58:00,0
1745459940,2025-04-23 21:59:00,0
1745460000,2025-04-23 22:00:00,0
1745460060,2025-04-23 22:01:00,0
1745460120,2025-04-23 22:02:00,0
1745460180,2025-04-23 22:03:00,0
1745460240,2025-04-23 22:04:00,0
1745460300,2025-04-23 22:05:00,0
1745460360,2025-04-23 22:06:00,0
1745460420,2025-04-23 22:07:00,0
1745460480,2025-04-23 22:08:00,0
1745460540,2025-04-23 22:09:00,0
1745460600,2025-04-23 22:10:00,0
1745460660,2025-04-23 22:11:00,0
1745460720,2025-04-23 22:12:00,0
1745460780,2025-04-23 22:13:00,0
1745460840,2025-04-23 22:14:00,0
1745460900,2025-04-23 22:15:00,0
1745460960,2025-04-23 22:16:00,0
1745461020,2025-04-23 22:17:00,0
1745461080,2025-04-23 22:18:00,0
1745461140,2025-04-23 22:19:00,0
1745461200,2025-04-23 22:20:00,0
1745461260,2025-04-23 22:21:00,0
1745461320,2025-04-23 22:22:00,0
1745461380,2025-04-23 22:23:00,0
1745461440,2025-04-23 22:24:00,0
1745461500,2025-04-23 22:25:00,0
1745461560,2025-04-23 22:26:00,0
1745461620,2025-04-23 22:27:00,0
1745461680,2025-04-23 22:28:00,0
1745461740,2025-04-23 22:29:00,0
1745461800,2025-04-23 22:30:00,0
1745461860,2025-04-23 22:31:00,0
1745461920,2025-04-23 22:32:00,0
1745461980,2025-04-23 22:33:00,0
1745462040,2025-04-23 22:34:00,0
1745462100,2025-04-23 22:35:00,0
1745462160,2025-04-23 22:36:00,0
1745462220,2025-04-23 22:37:00,0
1745462280,2025-04-23 22:38:00,0
1745462340,2025-04-23 22:39:00,0
1745462400,2025-04-23 22:40:00,0
1745462460,2025-04-23 22:41:00,0
1745462520,2025-04-23 22:42:00,0
1745462580,2025-04-23 22:43:00,0
1745462640,2025-04-23 22:44:00,0
1745462700,2025-04-23 22:45:00,0
1745462760,2025-04-23 22:46:00,0
1745462820,2025-04-23 22:47:00,0
1745462880,2025-04-23 22:48:00,0
1745462940,2025-04-23 22:49:00,0
1745463000,2025-04-23 22:50:00,0
1745463060,2025-04-23 22:51:00,0
1745463120,2025-04-23 22:52:00,0
1745463180,2025-04-23 22:53:00,0
1745463240,2025-04-23 22:54:00,0
1745463300,2025-04-23 22:55:00,0
1745463360,2025-04-23 22:56:00,0
1745463420,2025-04-23 22:57:00,0
1745463480,2025-04-23 22:58:00,0
1745463540,2025-04-23 22:59:00,0
1745463600,2025-04-23 23:00:00,0
1745463660,2025-04-23 23:01:00,0
1745463720,2025-04-23 23:02:00,0
1745463780,2025-04-23 23:03:00,0
1745463840,2025-04-23 23:04:00,0
1745463900,2025-04-23 23:05:00,0
1745463960,2025-04-23 23:06:00,0
1745464020,2025-04-23 23:07:00,0
1745464080,2025-04-23 23:08:00,0
1745464140,2025-04-23 23:09:00,0
1745464200,2025-04-23 23:10:00,0
1745464260,2025-04-23 23:11:00,0
1745464320,2025-04-23 23:12:00,0
1745464380,2025-04-23 23:13:00,0
1745464440,2025-04-23 23:14:00,0
1745464500,2025-04-23 23:15:00,0
1745464560,2025-04-23 23:16:00,0
1745464620,2025-04-23 23:17:00,0
1745464680,2025-04-23 23:18:00,0
1745464740,2025-04-23 23:19:00,0
1745464800,2025-04-23 23:20:00,0
1745464860,2025-04-23 23:21:00,0
1745464920,2025-04-23 23:22:00,0
1745464980,2025-04-23 23:23:00,0
1745465040,2025-04-23 23:24:00,0
1745465100,2025-04-23 23:25:00,0
1745465160,2025-04-23 23:26:00,0
1745465220,2025-04-23 23:27:00,0
1745465280,2025-04-23 23:28:00,0
1745465340,2025-04-23 23:29:00,0
1745465400,2025-04-23 23:30:00,0
1745465460,2025-04-23 23:31:00,0
1745465520,2025-04-23 23:32:00,0
1745465580,2025-04-23 23:33:00,0
1745465640,2025-04-23 23:34:00,0
1745465700,2025-04-23 23:35:00,0
1745465760,2025-04-23 23:36:00,0
1745465820,2025-04-23 23:37:00,0
1745465880,2025-04-23 23:38:00,0
1745465940,2025-04-23 23:39:00,0
1745466000,2025-04-23 23:40:00,0
1745466060,2025-04-23 23:41:00,0
1745466120,2025-04-23 23:42:00,0
1745466180,2025-04-23 23:43:00,0
1745466240,2025-04-23 23:44:00,0
1745466300,2025-04-23 23:45:00,0
1745466360,2025-04-23 23:46:00,0
1745466420,2025-04-23 23:47:00,0
1745466480,2025-04-23 23:48:00,0
1745466540,2025-04-23 23:49:00,0
1745466600,2025-04-23 23:50:00,0
1745466660,2025-04-23 23:51:00,0
1745466720,2025-04-23 23:52:00,0
1745466780,2025-04-23 23:53:00,0
1745466840,2025-04-23 23:54:00,0
1745466900,2025-04-23 23:55:00,0
1745466960,2025-04-23 23:56:00,0
1745467020,2025-04-23 23:57:00,0
1745467080,2025-04-23 23:58:00,0
1745467140,2025-04-23 23:59:00,0
1745467200,2025-04-24 00:00:00,0
1745467260,2025-04-24 00:01:00,0
1745467320,2025-04-24 00:02:00,0
1745467380,2025-04-24 00:03:00,0
1745467440,2025-04-24 00:04:00,0
1745467500,2025-04-24 00:05:00,0
1745467560,2025-04-24 00:06:00,0
1745467620,2025-04-24 00:07:00,0
1745467680,2025-04-24 00:08:00,0
1745467740,2025-04-24 00:09:00,0
1745467800,2025-04-24 00:10:00,0
1745467860,2025-04-24 00:11:00,0
1745467920,2025-04-24 00:12:00,0
1745467980,2025-04-24 00:13:00,0
1745468040,2025-04-24 00:14:00,0
1745468100,2025-04-24 00:15:00,0
1745468160,2025-04-24 00:16:00,0
1745468220,2025-04-24 00:17:00,0
1745468280,2025-04-24 00:18:00,0
1745468340,2025-04-24 00:19:00,0
1745468400,2025-04-24 00:20:00,0
1745468460,2025-04-24 00:21:00,0
1745468520,2025-04-24 00:22:00,0
1745468580,2025-04-24 00:23:00,0
1745468640,2025-04-24 00:24:00,0
1745468700,2025-04-24 00:25:00,0
1745468760,2025-04-24 00:26:00,0
1745468820,2025-04-24 00:27:00,0
1745468880,2025-04-24 00:28:00,0
1745468940,2025-04-24 00:29:00,0
1745469000,2025-04-24 00:30:00,0
1745469060,2025-04-24 00:31:00,0
1745469120,2025-04-24 00:32:00,0
1745469180,2025-04-24 00:33:00,0
1745469240,2025-04-24 00:34:00,0
1745469300,2025-04-24 00:35:00,0
1745469360,2025-04-24 00:36:00,0
1745469420,2025-04-24 00:37:00,0
1745469480,2025-04-24 00:38:00,0
1745469540,2025-04-24 00:39:00,0
1745469600,2025-04-24 00:40:00,0
1745469660,2025-04-24 00:41:00,0
1745469720,2025-04-24 00:42:00,0
1745469780,2025-04-24 00:43:00,0
1745469840,2025-04-24 00:44:00,0
1745469900,2025-04-24 00:45:00,0
1745469960,2025-04-24 00:46:00,0
1745470020,2025-04-24 00:47:00,0
1745470080,2025-04-24 00:48:00,0
1745470140,2025-04-24 00:49:00,0
1745470200,2025-04-24 00:50:00,0
1745470260,2025-04-24 00:51:00,0
1745470320,2025-04-24 00:52:00,0
1745470380,2025-04-24 00:53:00,0
1745470440,2025-04-24 00:54:00,0
1745470500,2025-04-24 00:55:00,0
1745470560,2025-04-24 00:56:00,0
1745470620,2025-04-24 00:57:00,0
1745470680,2025-04-24 00:58:00,0
1745470740,2025-04-24 00:59:00,0
1745470800,2025-04-24 01:00:00,0
1745470860,2025-04-24 01:01:00,0
1745470920,2025-04-24 01:02:00,0
1745470980,2025-04-24 01:03:00,0
1745471040,2025-04-24 01:04:00,0
1745471100,2025-04-24 01:05:00,0
1745471160,2025-04-24 01:06:00,0
1745471220,2025-04-24 01:07:00,0
1745471280,2025-04-24 01:08:00,0
1745471340,2025-04-24 01:09:00,0
1745471400,2025-04-24 01:10:00,0
1745471460,2025-04-24 01:11:00,0
1745471520,2025-04-24 01:12:00,0
1745471580,2025-04-24 01:13:00,0
1745471640,2025-04-24 01:14:00,0
1745471700,2025-04-24 01:15:00,0
1745471760,2025-04-24 01:16:00,0
1745471820,2025-04-24 01:17:00,0
1745471880,2025-04-24 01:18:00,0
1745471940,2025-04-24 01:19:00,0
1745472000,2025-04-24 01:20:00,0
1745472060,2025-04-24 01:21:00,0
1745472120,2025-04-24 01:22:00,0
1745472180,2025-04-24 01:23:00,0
1745472240,2025-04-24 01:24:00,0
1745472300,2025-04-24 01:25:00,0
1745472360,2025-04-24 01:26:00,0
1745472420,2025-04-24 01:27:00,0
1745472480,2025-04-24 01:28:00,0
1745472540,2025-04-24 01:29:00,0
1745472600,2025-04-24 01:30:00,0
1745472660,2025-04-24 01:31:00,0
1745472720,2025-04-24 01:32:00,0
1745472780,2025-04-24 01:33:00,0
1745472840,2025-04-24 01:34:00,0
1745472900,2025-04-24 01:35:00,0
1745472960,2025-04-24 01:36:00,0
1745473020,2025-04-24 01:37:00,0
1745473080,2025-04-24 01:38:00,0
1745473140,2025-04-24 01:39:00,0
1745473200,2025-04-24 01:40:00,0
1745473260,2025-04-24 01:41:00,0
1745473320,2025-04-24 01:42:00,0
1745473380,2025-04-24 01:43:00,0
1745473440,2025-04-24 01:44:00,0
1745473500,2025-04-24 01:45:00,0
1745473560,2025-04-24 01:46:00,0
1745473620,2025-04-24 01:47:00,0
1745473680,2025-04-24 01:48:00,0
1745473740,2025-04-24 01:49:00,0
1745473800,2025-04-24 01:50:00,0
1745473860,2025-04-24 01:51:00,0
1745473920,2025-04-24 01:52:00,0
1745473980,2025-04-24 01:53:00,0
1745474040,2025-04-24 01:54:00,0
1745474100,2025-04-24 01:55:00,0
1745474160,2025-04-24 01:56:00,0
1745474220,2025-04-24 01:57:00,0
1745474280,2025-04-24 01:58:00,0
1745474340,2025-04-24 01:59:00,0
1745474400,2025-04-24 02:00:00,0
1745474460,2025-04-24 02:01:00,0
1745474520,2025-04-24 02:02:00,0
1745474580,2025-04-24 02:03:00,0
1745474640,2025-04-24 02:04:00,0
1745474700,2025-04-24 02:05:00,0
1745474760,2025-04-24 02:06:00,0
1745474820,2025-04-24 02:07:00,0
1745474880,2025-04-24 02:08:00,0
1745474940,2025-04-24 02:09:00,0
1745475000,2025-04-24 02:10:00,0
1745475060,2025-04-24 02:11:00,0
1745475120,2025-04-24 02:12:00,0
1745475180,2025-04-24 02:13:00,0
1745475240,2025-04-24 02:14:00,0
1745475300,2025-04-24 02:15:00,0
1745475360,2025-04-24 02:16:00,0
1745475420,2025-04-24 02:17:00,0
1745475480,2025-04-24 02:18:00,0
1745475540,2025-04-24 02:19:00,0
1745475600,2025-04-24 02:20:00,0
1745475660,2025-04-24 02:21:00,0
1745475720,2025-04-24 02:22:00,0
1745475780,2025-04-24 02:23:00,0
1745475840,2025-04-24 02:24:00,0
1745475900,2025-04-24 02:25:00,0
1745475960,2025-04-24 02:26:00,0
1745476020,2025-04-24 02:27:00,0
1745476080,2025-04-24 02:28:00,0
1745476140,2025-04-24 02:29:00,0
1745476200,2025-04-24 02:30:00,0
1745476260,2025-04-24 02:31:00,0
1745476320,2025-04-24 02:32:00,0
1745476380,2025-04-24 02:33:00,0
1745476440,2025-04-24 02:34:00,0
1745476500,2025-04-24 02:35:00,0
1745476560,2025-04-24 02:36:00,0
1745476620,2025-04-24 02:37:00,0
1745476680,2025-04-24 02:38:00,0
1745476740,2025-04-24 02:39:00,0
1745476800,2025-04-24 02:40:00,0
1745476860,2025-04-24 02:41:00,0
1745476920,2025-04-24 02:42:00,0
1745476980,2025-04-24 02:43:00,0
1745477040,2025-04-24 02:44:00,0
1745477100,2025-04-24 02:45:00,0
1745477160,2025-04-24 02:46:00,0
1745477220,2025-04-24 02:47:00,0
1745477280,2025-04-24 02:48:00,0
1745477340,2025-04-24 02:49:00,0
1745477400,2025-04-24 02:50:00,0
1745477460,2025-04-24 02:51:00,0
1745477520,2025-04-24 02:52:00,0
1745477580,2025-04-24 02:53:00,0
1745477640,2025-04-24 02:54:00,0
1745477700,2025-04-24 02:55:00,0
1745477760,2025-04-24 02:56:00,0
1745477820,2025-04-24 02:57:00,0
1745477880,2025-04-24 02:58:00,0
1745477940,2025-04-24 02:59:00,0
1745478000,2025-04-24 03:00:00,0
1745478060,2025-04-24 03:01:00,0
1745478120,2025-04-24 03:02:00,0
1745478180,2025-04-24 03:03:00,0
1745478240,2025-04-24 03:04:00,0
1745478300,2025-04-24 03:05:00,0
1745478360,2025-04-24 03:06:00,0
1745478420,2025-04-24 03:07:00,0
1745478480,2025-04-24 03:08:00,0
1745478540,2025-04-24 03:09:00,0
1745478600,2025-04-24 03:10:00,0
1745478660,2025-04-24 03:11:00,0
1745478720,2025-04-24 03:12:00,0
1745478780,2025-04-24 03:13:00,0
1745478840,2025-04-24 03:14:00,0
1745478900,2025-04-24 03:15:00,0
1745478960,2025-04-24 03:16:00,0
1745479020,2025-04-24 03:17:00,0
1745479080,2025-04-24 03:18:00,0
1745479140,2025-04-24 03:19:00,0
1745479200,2025-04-24 03:20:00,0
1745479260,2025-04-24 03:21:00,0
1745479320,2025-04-24 03:22:00,0
1745479380,2025-04-24 03:23:00,0
1745479440,2025-04-24 03:24:00,0
1745479500,2025-04-24 03:25:00,0
1745479560,2025-04-24 03:26:00,0
1745479620,2025-04-24 03:27:00,0
1745479680,2025-04-24 03:28:00,0
1745479740,2025-04-24 03:29:00,0
1745479800,2025-04-24 03:30:00,0
1745479860,2025-04-24 03:31:00,0
1745479920,2025-04-24 03:32:00,0
1745479980,2025-04-24 03:33:00,0
1745480040,2025-04-24 03:34:00,0
1745480100,2025-04-24 03:35:00,0
1745480160,2025-04-24 03:36:00,0
1745480220,2025-04-24 03:37:00,0
1745480280,2025-04-24 03:38:00,0
1745480340,2025-04-24 03:39:00,0
1745480400,2025-04-24 03:40:00,0
1745480460,2025-04-24 03:41:00,0
1745480520,2025-04-24 03:42:00,0
1745480580,2025-04-24 03:43:00,0
1745480640,2025-04-24 03:44:00,0
1745480700,2025-04-24 03:45:00,0
1745480760,2025-04-24 03:46:00,0
1745480820,2025-04-24 03:47:00,0
1745480880,2025-04-24 03:48:00,0
1745480940,2025-04-24 03:49:00,0
1745481000,2025-04-24 03:50:00,0
1745481060,2025-04-24 03:51:00,0
1745481120,2025-04-24 03:52:00,0
1745481180,2025-04-24 03:53:00,0
1745481240,2025-04-24 03:54:00,0
1745481300,2025-04-24 03:55:00,0
1745481360,2025-04-24 03:56:00,0
1745481420,2025-04-24 03:57:00,0
1745481480,2025-04-24 03:58:00,0
1745481540,2025-04-24 03:59:00,0
1745481600,2025-04-24 04:00:00,0
1745481660,2025-04-24 04:01:00,0
1745481720,2025-04-24 04:02:00,0
1745481780,2025-04-24 04:03:00,0
1745481840,2025-04-24 04:04:00,0
1745481900,2025-04-24 04:05:00,0
1745481960,2025-04-24 04:06:00,0
1745482020,2025-04-24 04:07:00,0
1745482080,2025-04-24 04:08:00,0
1745482140,2025-04-24 04:09:00,0
1745482200,2025-04-24 04:10:00,0
1745482260,2025-04-24 04:11:00,0
1745482320,2025-04-24 04:12:00,0
1745482380,2025-04-24 04:13:00,0
1745482440,2025-04-24 04:14:00,0
1745482500,2025-04-24 04:15:00,0
1745482560,2025-04-24 04:16:00,0
1745482620,2025-04-24 04:17:00,0
1745482680,2025-04-24 04:18:00,0
1745482740,2025-04-24 04:19:00,0
1745482800,2025-04-24 04:20:00,0
1745482860,2025-04-24 04:21:00,0
1745482920,2025-04-24 04:22:00,0
1745482980,2025-04-24 04:23:00,0
1745483040,2025-04-24 04:24:00,0
1745483100,2025-04-24 04:25:00,0
1745483160,2025-04-24 04:26:00,0
1745483220,2025-04-24 04:27:00,0
1745483280,2025-04-24 04:28:00,0
1745483340,2025-04-24 04:29:00,0
1745483400,2025-04-24 04:30:00,0
1745483460,2025-04-24 04:31:00,0
1745483520,2025-04-24 04:32:00,0
1745483580,2025-04-24 04:33:00,0
1745483640,2025-04-24 04:34:00,0
1745483700,2025-04-24 04:35:00,0
1745483760,2025-04-24 04:36:00,0
1745483820,2025-04-24 04:37:00,0
1745483880,2025-04-24 04:38:00,0
1745483940,2025-04-24 04:39:00,0
1745484000,2025-04-24 04:40:00,0
1745484060,2025-04-24 04:41:00,0
1745484120,2025-04-24 04:42:00,0
1745484180,2025-04-24 04:43:00,0
1745484240,2025-04-24 04:44:00,0
1745484300,2025-04-24 04:45:00,0
1745484360,2025-04-24 04:46:00,0
1745484420,2025-04-24 04:47:00,0
1745484480,2025-04-24 04:48:00,0
1745484540,2025-04-24 04:49:00,0
1745484600,2025-04-24 04:50:00,0
1745484660,2025-04-24 04:51:00,0
1745484720,2025-04-24 04:52:00,0
1745484780,2025-04-24 04:53:00,0
1745484840,2025-04-24 04:54:00,0
1745484900,2025-04-24 04:55:00,0
1745484960,2025-04-24 04:56:00,0
1745485020,2025-04-24 04:57:00,0
1745485080,2025-04-24 04:58:00,0
1745485140,2025-04-24 04:59:00,0
1745485200,2025-04-24 05:00:00,0
1745485260,2025-04-24 05:01:00,0
1745485320,2025-04-24 05:02:00,0
1745485380,2025-04-24 05:03:00,0
1745485440,2025-04-24 05:04:00,0
1745485500,2025-04-24 05:05:00,0
1745485560,2025-04-24 05:06:00,0
1745485620,2025-04-24 05:07:00,0
1745485680,2025-04-24 05:08:00,0
1745485740,2025-04-24 05:09:00,0
1745485800,2025-04-24 05:10:00,0
1745485860,2025-04-24 05:11:00,0
1745485920,2025-04-24 05:12:00,0
1745485980,2025-04-24 05:13:00,0
1745486040,2025-04-24 05:14:00,0
1745486100,2025-04-24 05:15:00,0
1745486160,2025-04-24 05:16:00,0
1745486220,2025-04-24 05:17:00,0
1745486280,2025-04-24 05:18:00,0
1745486340,2025-04-24 05:19:00,0
1745486400,2025-04-24 05:20:00,0
1745486460,2025-04-24 05:21:00,0
1745486520,2025-04-24 05:22:00,0
1745486580,2025-04-24 05:23:00,0
1745486640,2025-04-24 05:24:00,0
1745486700,2025-04-24 05:25:00,0
1745486760,2025-04-24 05:26:00,0
1745486820,2025-04-24 05:27:00,0
1745486880,2025-04-24 05:28:00,0
1745486940,2025-04-24 05:29:00,0
1745487000,2025-04-24 05:30:00,0
1745487060,2025-04-24 05:31:00,0
1745487120,2025-04-24 05:32:00,0
1745487180,2025-04-24 05:33:00,0
1745487240,2025-04-24 05:34:00,0
1745487300,2025-04-24 05:35:00,0
1745487360,2025-04-24 05:36:00,0
1745487420,2025-04-24 05:37:00,0
1745487480,2025-04-24 05:38:00,0
1745487540,2025-04-24 05:39:00,0
1745487600,2025-04-24 05:40:00,0
1745487660,2025-04-24 05:41:00,0
1745487720,2025-04-24 05:42:00,0
1745487780,2025-04-24 05:43:00,0
1745487840,2025-04-24 05:44:00,0
1745487900,2025-04-24 05:45:00,0
1745487960,2025-04-24 05:46:00,0
1745488020,2025-04-24 05:47:00,0
1745488080,2025-04-24 05:48:00,0
1745488140,2025-04-24 05:49:00,0
1745488200,2025-04-24 05:50:00,0
1745488260,2025-04-24 05:51:00,0
1745488320,2025-04-24 05:52:00,0
1745488380,2025-04-24 05:53:00,0
1745488440,2025-04-24 05:54:00,0
1745488500,2025-04-24 05:55:00,0
1745488560,2025-04-24 05:56:00,0
1745488620,2025-04-24 05:57:00,0
1745488680,2025-04-24 05:58:00,0
1745488740,2025-04-24 05:59:00,0
1745488800,2025-04-24 06:00:00,0
1745488860,2025-04-24 06:01:00,0
1745488920,2025-04-24 06:02:00,0
1745488980,2025-04-24 06:03:00,0
1745489040,2025-04-24 06:04:00,0
1745489100,2025-04-24 06:05:00,0
1745489160,2025-04-24 06:06:00,0
1745489220,2025-04-24 06:07:00,0
1745489280,2025-04-24 06:08:00,0
1745489340,2025-04-24 06:09:00,0
1745489400,2025-04-24 06:10:00,0
1745489460,2025-04-24 06:11:00,0
1745489520,2025-04-24 06:12:00,0
1745489580,2025-04-24 06:13:00,0
1745489640,2025-04-24 06:14:00,0
1745489700,2025-04-24 06:15:00,0
1745489760,2025-04-24 06:16:00,0
1745489820,2025-04-24 06:17:00,0
1745489880,2025-04-24 06:18:00,0
1745489940,2025-04-24 06:19:00,0
1745490000,2025-04-24 06:20:00,0
1745490060,2025-04-24 06:21:00,0
1745490120,2025-04-24 06:22:00,0
1745490180,2025-04-24 06:23:00,0
1745490240,2025-04-24 06:24:00,0
1745490300,2025-04-24 06:25:00,0
1745490360,2025-04-24 06:26:00,0
1745490420,2025-04-24 06:27:00,0
1745490480,2025-04-24 06:28:00,0
1745490540,2025-04-24 06:29:00,0
1745490600,2025-04-24 06:30:00,0
1745490660,2025-04-24 06:31:00,0
1745490720,2025-04-24 06:32:00,0
1745490780,2025-04-24 06:33:00,0
1745490840,2025-04-24 06:34:00,0
1745490900,2025-04-24 06:35:00,0
1745490960,2025-04-24 06:36:00,0
1745491020,2025-04-24 06:37:00,0
1745491080,2025-04-24 06:38:00,0
1745491140,2025-04-24 06:39:00,0
1745491200,2025-04-24 06:40:00,0
1745491260,2025-04-24 06:41:00,0
1745491320,2025-04-24 06:42:00,0
1745491380,2025-04-24 06:43:00,0
1745491440,2025-04-24 06:44:00,0
1745491500,2025-04-24 06:45:00,0
1745491560,2025-04-24 06:46:00,0
1745491620,2025-04-24 06:47:00,0
1745491680,2025-04-24 06:48:00,0
1745491740,2025-04-24 06:49:00,0
1745491800,2025-04-24 06:50:00,0
1745491860,2025-04-24 06:51:00,0
1745491920,2025-04-24 06:52:00,0
1745491980,2025-04-24 06:53:00,0
1745492040,2025-04-24 06:54:00,0
1745492100,2025-04-24 06:55:00,0
1745492160,2025-04-24 06:56:00,0
1745492220,2025-04-24 06:57:00,0
1745492280,2025-04-24 06:58:00,0
1745492340,2025-04-24 06:59:00,0
1745492400,2025-04-24 07:00:00,0
1745492460,2025-04-24 07:01:00,0
1745492520,2025-04-24 07:02:00,0
1745492580,2025-04-24 07:03:00,0
1745492640,2025-04-24 07:04:00,0
1745492700,2025-04-24 07:05:00,0
1745492760,2025-04-24 07:06:00,0
1745492820,2025-04-24 07:07:00,0
1745492880,2025-04-24 07:08:00,0
1745492940,2025-04-24 07:09:00,0
1745493000,2025-04-24 07:10:00,0
1745493060,2025-04-24 07:11:00,0
1745493120,2025-04-24 07:12:00,0
1745493180,2025-04-24 07:13:00,0
1745493240,2025-04-24 07:14:00,0
1745493300,2025-04-24 07:15:00,0
1745493360,2025-04-24 07:16:00,0
1745493420,2025-04-24 07:17:00,0
1745493480,2025-04-24 07:18:00,0
1745493540,2025-04-24 07:19:00,0
1745493600,2025-04-24 07:20:00,0
1745493660,2025-04-24 07:21:00,0
1745493720,2025-04-24 07:22:00,0
1745493780,2025-04-24 07:23:00,0
1745493840,2025-04-24 07:24:00,0
1745493900,2025-04-24 07:25:00,0
1745493960,2025-04-24 07:26:00,0
1745494020,2025-04-24 07:27:00,0
1745494080,2025-04-24 07:28:00,0
1745494140,2025-04-24 07:29:00,0
1745494200,2025-04-24 07:30:00,0
1745494260,2025-04-24 07:31:00,0
1745494320,2025-04-24 07:32:00,0
1745494380,2025-04-24 07:33:00,0
1745494440,2025-04-24 07:34:00,0
1745494500,2025-04-24 07:35:00,0
1745494560,2025-04-24 07:36:00,0
1745494620,2025-04-24 07:37:00,0
1745494680,2025-04-24 07:38:00,0
1745494740,2025-04-24 07:39:00,0
1745494800,2025-04-24 07:40:00,0
1745494860,2025-04-24 07:41:00,0
1745494920,2025-04-24 07:42:00,0
1745494980,2025-04-24 07:43:00,0
1745495040,2025-04-24 07:44:00,0
1745495100,2025-04-24 07:45:00,0
1745495160,2025-04-24 07:46:00,0
1745495220,2025-04-24 07:47:00,0
1745495280,2025-04-24 07:48:00,0
1745495340,2025-04-24 07:49:00,0
1745495400,2025-04-24 07:50:00,0
1745495460,2025-04-24 07:51:00,0
1745495520,2025-04-24 07:52:00,0
1745495580,2025-04-24 07:53:00,0
1745495640,2025-04-24 07:54:00,0
1745495700,2025-04-24 07:55:00,0
1745495760,2025-04-24 07:56:00,0
1745495820,2025-04-24 07:57:00,0
1745495880,2025-04-24 07:58:00,0
1745495940,2025-04-24 07:59:00,0
1745496000,2025-04-24 08:00:00,1
1745496060,2025-04-24 08:01:00,1
1745496120,2025-04-24 08:02:00,1
1745496180,2025-04-24 08:03:00,1
1745496240,2025-04-24 08:04:00,1
1745496300,2025-04-24 08:05:00,1
1745496360,2025-04-24 08:06:00,1
1745496420,2025-04-24 08:07:00,1
1745496480,2025-04-24 08:08:00,1
1745496540,2025-04-24 08:09:00,1
1745496600,2025-04-24 08:10:00,1
1745496660,2025-04-24 08:11:00,1
1745496720,2025-04-24 08:12:00,1
1745496780,2025-04-24 08:13:00,1
1745496840,2025-04-24 08:14:00,1
1745496900,2025-04-24 08:15:00,1
1745496960,2025-04-24 08:16:00,1
1745497020,2025-04-24 08:17:00,1
1745497080,2025-04-24 08:18:00,1
1745497140,2025-04-24 08:19:00,1
1745497200,2025-04-24 08:20:00,1
1745497260,2025-04-24 08:21:00,1
1745497320,2025-04-24 08:22:00,1
1745497380,2025-04-24 08:23:00,1
1745497440,2025-04-24 08:24:00,1
1745497500,2025-04-24 08:25:00,1
1745497560,2025-04-24 08:26:00,1
1745497620,2025-04-24 08:27:00,1
1745497680,2025-04-24 08:28:00,1
1745497740,2025-04-24 08:29:00,1
1745497800,2025-04-24 08:30:00,1
1745497860,2025-04-24 08:31:00,1
1745497920,2025-04-24 08:32:00,1
1745497980,2025-04-24 08:33:00,1
1745498040,2025-04-24 08:34:00,1
1745498100,2025-04-24 08:35:00,1
1745498160,2025-04-24 08:36:00,1
1745498220,2025-04-24 08:37:00,1
1745498280,2025-04-24 08:38:00,1
1745498340,2025-04-24 08:39:00,1
1745498400,2025-04-24 08:40:00,1
1745498460,2025-04-24 08:41:00,1
1745498520,2025-04-24 08:42:00,1
1745498580,2025-04-24 08:43:00,1
1745498640,2025-04-24 08:44:00,1
1745498700,2025-04-24 08:45:00,1
1745498760,2025-04-24 08:46:00,1
1745498820,2025-04-24 08:47:00,1
1745498880,2025-04-24 08:48:00,1
1745498940,2025-04-24 08:49:00,1
1745499000,2025-04-24 08:50:00,1
1745499060,2025-04-24 08:51:00,1
1745499120,2025-04-24 08:52:00,1
1745499180,2025-04-24 08:53:00,1
1745499240,2025-04-24 08:54:00,1
1745499300,2025-04-24 08:55:00,1
1745499360,2025-04-24 08:56:00,1
1745499420,2025-04-24 08:57:00,1
1745499480,2025-04-24 08:58:00,1
1745499540,2025-04-24 08:59:00,1
1745499600,2025-04-24 09:00:00,1
1745499660,2025-04-24 09:01:00,1
1745499720,2025-04-24 09:02:00,1
1745499780,2025-04-24 09:03:00,1
1745499840,2025-04-24 09:04:00,1
1745499900,2025-04-24 09:05:00,1
1745499960,2025-04-24 09:06:00,1
1745500020,2025-04-24 09:07:00,1
1745500080,2025-04-24 09:08:00,1
1745500140,2025-04-24 09:09:00,1
1745500200,2025-04-24 09:10:00,1
1745500260,2025-04-24 09:11:00,1
1745500320,2025-04-24 09:12:00,1
1745500380,2025-04-24 09:13:00,1
1745500440,2025-04-24 09:14:00,1
1745500500,2025-04-24 09:15:00,1
1745500560,2025-04-24 09:16:00,1
1745500620,2025-04-24 09:17:00,1
1745500680,2025-04-24 09:18:00,1
1745500740,2025-04-24 09:19:00,1
1745500800,2025-04-24 09:20:00,1
1745500860,2025-04-24 09:21:00,1
1745500920,2025-04-24 09:22:00,1
1745500980,2025-04-24 09:23:00,1
1745501040,2025-04-24 09:24:00,1
1745501100,2025-04-24 09:25:00,1
1745501160,2025-04-24 09:26:00,1
1745501220,2025-04-24 09:27:00,1
1745501280,2025-04-24 09:28:00,1
1745501340,2025-04-24 09:29:00,1
1745501400,2025-04-24 09:30:00,1
1745501460,2025-04-24 09:31:00,1
1745501520,2025-04-24 09:32:00,1
1745501580,2025-04-24 09:33:00,1
1745501640,2025-04-24 09:34:00,1
1745501700,2025-04-24 09:35:00,1
1745501760,2025-04-24 09:36:00,1
1745501820,2025-04-24 09:37:00,1
1745501880,2025-04-24 09:38:00,1
1745501940,2025-04-24 09:39:00,1
1745502000,2025-04-24 09:40:00,1
1745502060,2025-04-24 09:41:00,1
1745502120,2025-04-24 09:42:00,1
1745502180,2025-04-24 09:43:00,1
1745502240,2025-04-24 09:44:00,1
1745502300,2025-04-24 09:45:00,1
1745502360,2025-04-24 09:46:00,1
1745502420,2025-04-24 09:47:00,1
1745502480,2025-04-24 09:48:00,1
1745502540,2025-04-24 09:49:00,1
1745502600,2025-04-24 09:50:00,1
1745502660,2025-04-24 09:51:00,1
1745502720,2025-04-24 09:52:00,1
1745502780,2025-04-24 09:53:00,1
1745502840,2025-04-24 09:54:00,1
1745502900,2025-04-24 09:55:00,1
1745502960,2025-04-24 09:56:00,1
1745503020,2025-04-24 09:57:00,1
1745503080,2025-04-24 09:58:00,1
1745503140,2025-04-24 09:59:00,1
1745503200,2025-04-24 10:00:00,0
1745503260,2025-04-24 10:01:00,0
1745503320,2025-04-24 10:02:00,0
1745503380,2025-04-24 10:03:00,0
1745503440,2025-04-24 10:04:00,0
1745503500,2025-04-24 10:05:00,0
1745503560,2025-04-24 10:06:00,0
1745503620,2025-04-24 10:07:00,0
1745503680,2025-04-24 10:08:00,0
1745503740,2025-04-24 10:09:00,0
1745503800,2025-04-24 10:10:00,0
1745503860,2025-04-24 10:11:00,0
1745503920,2025-04-24 10:12:00,0
1745503980,2025-04-24 10:13:00,0
1745504040,2025-04-24 10:14:00,0
1745504100,2025-04-24 10:15:00,0
1745504160,2025-04-24 10:16:00,0
1745504220,2025-04-24 10:17:00,0
1745504280,2025-04-24 10:18:00,0
1745504340,2025-04-24 10:19:00,0
1745504400,2025-04-24 10:20:00,0
1745504460,2025-04-24 10:21:00,0
1745504520,2025-04-24 10:22:00,0
1745504580,2025-04-24 10:23:00,0
1745504640,2025-04-24 10:24:00,0
1745504700,2025-04-24 10:25:00,0
1745504760,2025-04-24 10:26:00,0
1745504820,2025-04-24 10:27:00,0
1745504880,2025-04-24 10:28:00,0
1745504940,2025-04-24 10:29:00,0
1745505000,2025-04-24 10:30:00,0
1745505060,2025-04-24 10:31:00,0
1745505120,2025-04-24 10:32:00,0
1745505180,2025-04-24 10:33:00,0
1745505240,2025-04-24 10:34:00,0
1745505300,2025-04-24 10:35:00,0
1745505360,2025-04-24 10:36:00,0
1745505420,2025-04-24 10:37:00,0
1745505480,2025-04-24 10:38:00,0
1745505540,2025-04-24 10:39:00,0
1745505600,2025-04-24 10:40:00,0
1745505660,2025-04-24 10:41:00,0
1745505720,2025-04-24 10:42:00,0
1745505780,2025-04-24 10:43:00,0
1745505840,2025-04-24 10:44:00,0
1745505900,2025-04-24 10:45:00,0
1745505960,2025-04-24 10:46:00,0
1745506020,2025-04-24 10:47:00,0
1745506080,2025-04-24 10:48:00,0
1745506140,2025-04-24 10:49:00,0
1745506200,2025-04-24 10:50:00,0
1745506260,2025-04-24 10:51:00,0
1745506320,2025-04-24 10:52:00,0
1745506380,2025-04-24 10:53:00,0
1745506440,2025-04-24 10:54:00,0
1745506500,2025-04-24 10:55:00,0
1745506560,2025-04-24 10:56:00,0
1745506620,2025-04-24 10:57:00,0
1745506680,2025-04-24 10:58:00,0
1745506740,2025-04-24 10:59:00,0
1745506800,2025-04-24 11:00:00,0
1745506860,2025-04-24 11:01:00,0
1745506920,2025-04-24 11:02:00,0
1745506980,2025-04-24 11:03:00,0
1745507040,2025-04-24 11:04:00,0
1745507100,2025-04-24 11:05:00,0
1745507160,2025-04-24 11:06:00,0
1745507220,2025-04-24 11:07:00,0
1745507280,2025-04-24 11:08:00,0
1745507340,2025-04-24 11:09:00,0
1745507400,2025-04-24 11:10:00,0
1745507460,2025-04-24 11:11:00,0
1745507520,2025-04-24 11:12:00,0
1745507580,2025-04-24 11:13:00,0
1745507640,2025-04-24 11:14:00,0
1745507700,2025-04-24 11:15:00,0
1745507760,2025-04-24 11:16:00,0
1745507820,2025-04-24 11:17:00,0
1745507880,2025-04-24 11:18:00,0
1745507940,2025-04-24 11:19:00,0
1745508000,2025-04-24 11:20:00,0
1745508060,2025-04-24 11:21:00,0
1745508120,2025-04-24 11:22:00,0
1745508180,2025-04-24 11:23:00,0
1745508240,2025-04-24 11:24:00,0
1745508300,2025-04-24 11:25:00,0
1745508360,2025-04-24 11:26:00,0
1745508420,2025-04-24 11:27:00,0
1745508480,2025-04-24 11:28:00,0
1745508540,2025-04-24 11:29:00,0
1745508600,2025-04-24 11:30:00,0
1745508660,2025-04-24 11:31:00,0
1745508720,2025-04-24 11:32:00,0
1745508780,2025-04-24 11:33:00,0
1745508840,2025-04-24 11:34:00,0
1745508900,2025-04-24 11:35:00,0
1745508960,2025-04-24 11:36:00,0
1745509020,2025-04-24 11:37:00,0
1745509080,2025-04-24 11:38:00,0
1745509140,2025-04-24 11:39:00,0
1745509200,2025-04-24 11:40:00,0
1745509260,2025-04-24 11:41:00,0
1745509320,2025-04-24 11:42:00,0
1745509380,2025-04-24 11:43:00,0
1745509440,2025-04-24 11:44:00,0
1745509500,2025-04-24 11:45:00,0
1745509560,2025-04-24 11:46:00,0
1745509620,2025-04-24 11:47:00,0
1745509680,2025-04-24 11:48:00,0
1745509740,2025-04-24 11:49:00,0
1745509800,2025-04-24 11:50:00,0
1745509860,2025-04-24 11:51:00,0
1745509920,2025-04-24 11:52:00,0
1745509980,2025-04-24 11:53:00,0
1745510040,2025-04-24 11:54:00,0
1745510100,2025-04-24 11:55:00,0
1745510160,2025-04-24 11:56:00,0
1745510220,2025-04-24 11:57:00,0
1745510280,2025-04-24 11:58:00,0
1745510340,2025-04-24 11:59:00,0
1745510400,2025-04-24 12:00:00,1
1745510460,2025-04-24 12:01:00,1
1745510520,2025-04-24 12:02:00,1
1745510580,2025-04-24 12:03:00,1
1745510640,2025-04-24 12:04:00,1
1745510700,2025-04-24 12:05:00,1
1745510760,2025-04-24 12:06:00,1
1745510820,2025-04-24 12:07:00,1
1745510880,2025-04-24 12:08:00,1
1745510940,2025-04-24 12:09:00,1
1745511000,2025-04-24 12:10:00,1
1745511060,2025-04-24 12:11:00,1
1745511120,2025-04-24 12:12:00,1
1745511180,2025-04-24 12:13:00,1
1745511240,2025-04-24 12:14:00,1
1745511300,2025-04-24 12:15:00,1
1745511360,2025-04-24 12:16:00,1
1745511420,2025-04-24 12:17:00,1
1745511480,2025-04-24 12:18:00,1
1745511540,2025-04-24 12:19:00,1
1745511600,2025-04-24 12:20:00,1
1745511660,2025-04-24 12:21:00,1
1745511720,2025-04-24 12:22:00,1
1745511780,2025-04-24 12:23:00,1
1745511840,2025-04-24 12:24:00,1
1745511900,2025-04-24 12:25:00,1
1745511960,2025-04-24 12:26:00,1
1745512020,2025-04-24 12:27:00,1
1745512080,2025-04-24 12:28:00,1
1745512140,2025-04-24 12:29:00,1
1745512200,2025-04-24 12:30:00,1
1745512260,2025-04-24 12:31:00,1
1745512320,2025-04-24 12:32:00,1
1745512380,2025-04-24 12:33:00,1
1745512440,2025-04-24 12:34:00,1
1745512500,2025-04-24 12:35:00,1
1745512560,2025-04-24 12:36:00,1
1745512620,2025-04-24 12:37:00,1
1745512680,2025-04-24 12:38:00,1
1745512740,2025-04-24 12:39:00,1
1745512800,2025-04-24 12:40:00,1
1745512860,2025-04-24 12:41:00,1
1745512920,2025-04-24 12:42:00,1
1745512980,2025-04-24 12:43:00,1
1745513040,2025-04-24 12:44:00,1
1745513100,2025-04-24 12:45:00,1
1745513160,2025-04-24 12:46:00,1
1745513220,2025-04-24 12:47:00,1
1745513280,2025-04-24 12:48:00,1
1745513340,2025-04-24 12:49:00,1
1745513400,2025-04-24 12:50:00,1
1745513460,2025-04-24 12:51:00,1
1745513520,2025-04-24 12:52:00,1
1745513580,2025-04-24 12:53:00,1
1745513640,2025-04-24 12:54:00,1
1745513700,2025-04-24 12:55:00,1
1745513760,2025-04-24 12:56:00,1
1745513820,2025-04-24 12:57:00,1
1745513880,2025-04-24 12:58:00,1
1745513940,2025-04-24 12:59:00,1
1745514000,2025-04-24 13:00:00,1
1745514060,2025-04-24 13:01:00,1
1745514120,2025-04-24 13:02:00,1
1745514180,2025-04-24 13:03:00,1
1745514240,2025-04-24 13:04:00,1
1745514300,2025-04-24 13:05:00,1
1745514360,2025-04-24 13:06:00,1
1745514420,2025-04-24 13:07:00,1
1745514480,2025-04-24 13:08:00,1
1745514540,2025-04-24 13:09:00,1
1745514600,2025-04-24 13:10:00,1
1745514660,2025-04-24 13:11:00,1
1745514720,2025-04-24 13:12:00,1
1745514780,2025-04-24 13:13:00,1
1745514840,2025-04-24 13:14:00,1
1745514900,2025-04-24 13:15:00,1
1745514960,2025-04-24 13:16:00,1
1745515020,2025-04-24 13:17:00,1
1745515080,2025-04-24 13:18:00,1
1745515140,2025-04-24 13:19:00,1
1745515200,2025-04-24 13:20:00,1
1745515260,2025-04-24 13:21:00,1
1745515320,2025-04-24 13:22:00,1
1745515380,2025-04-24 13:23:00,1
1745515440,2025-04-24 13:24:00,1
1745515500,2025-04-24 13:25:00,1
1745515560,2025-04-24 13:26:00,1
1745515620,2025-04-24 13:27:00,1
1745515680,2025-04-24 13:28:00,1
1745515740,2025-04-24 13:29:00,1
1745515800,2025-04-24 13:30:00,1
1745515860,2025-04-24 13:31:00,1
1745515920,2025-04-24 13:32:00,1
1745515980,2025-04-24 13:33:00,1
1745516040,2025-04-24 13:34:00,1
1745516100,2025-04-24 13:35:00,1
1745516160,2025-04-24 13:36:00,1
1745516220,2025-04-24 13:37:00,1
1745516280,2025-04-24 13:38:00,1
1745516340,2025-04-24 13:39:00,1
1745516400,2025-04-24 13:40:00,1
1745516460,2025-04-24 13:41:00,1
1745516520,2025-04-24 13:42:00,1
1745516580,2025-04-24 13:43:00,1
1745516640,2025-04-24 13:44:00,1
1745516700,2025-04-24 13:45:00,1
1745516760,2025-04-24 13:46:00,1
1745516820,2025-04-24 13:47:00,1
1745516880,2025-04-24 13:48:00,1
1745516940,2025-04-24 13:49:00,1
1745517000,2025-04-24 13:50:00,1
1745517060,2025-04-24 13:51:00,1
1745517120,2025-04-24 13:52:00,1
1745517180,2025-04-24 13:53:00,1
1745517240,2025-04-24 13:54:00,1
1745517300,2025-04-24 13:55:00,1
1745517360,2025-04-24 13:56:00,1
1745517420,2025-04-24 13:57:00,1
1745517480,2025-04-24 13:58:00,1
1745517540,2025-04-24 13:59:00,1
1745517600,2025-04-24 14:00:00,0
1745517660,2025-04-24 14:01:00,0
1745517720,2025-04-24 14:02:00,0
1745517780,2025-04-24 14:03:00,0
1745517840,2025-04-24 14:04:00,0
1745517900,2025-04-24 14:05:00,0
1745517960,2025-04-24 14:06:00,0
1745518020,2025-04-24 14:07:00,0
1745518080,2025-04-24 14:08:00,0
1745518140,2025-04-24 14:09:00,0
1745518200,2025-04-24 14:10:00,0
1745518260,2025-04-24 14:11:00,0
1745518320,2025-04-24 14:12:00,0
1745518380,2025-04-24 14:13:00,0
1745518440,2025-04-24 14:14:00,0
1745518500,2025-04-24 14:15:00,0
1745518560,2025-04-24 14:16:00,0
1745518620,2025-04-24 14:17:00,0
1745518680,2025-04-24 14:18:00,0
1745518740,2025-04-24 14:19:00,0
1745518800,2025-04-24 14:20:00,0
1745518860,2025-04-24 14:21:00,0
1745518920,2025-04-24 14:22:00,0
1745518980,2025-04-24 14:23:00,0
1745519040,2025-04-24 14:24:00,0
1745519100,2025-04-24 14:25:00,0
1745519160,2025-04-24 14:26:00,0
1745519220,2025-04-24 14:27:00,0
1745519280,2025-04-24 14:28:00,0
1745519340,2025-04-24 14:29:00,0
1745519400,2025-04-24 14:30:00,0
1745519460,2025-04-24 14:31:00,0
1745519520,2025-04-24 14:32:00,0
1745519580,2025-04-24 14:33:00,0
1745519640,2025-04-24 14:34:00,0
1745519700,2025-04-24 14:35:00,0
1745519760,2025-04-24 14:36:00,0
1745519820,2025-04-24 14:37:00,0
1745519880,2025-04-24 14:38:00,0
1745519940,2025-04-24 14:39:00,0
1745520000,2025-04-24 14:40:00,0
1745520060,2025-04-24 14:41:00,0
1745520120,2025-04-24 14:42:00,0
1745520180,2025-04-24 14:43:00,0
1745520240,2025-04-24 14:44:00,0
1745520300,2025-04-24 14:45:00,0
1745520360,2025-04-24 14:46:00,0
1745520420,2025-04-24 14:47:00,0
1745520480,2025-04-24 14:48:00,0
1745520540,2025-04-24 14:49:00,0
1745520600,2025-04-24 14:50:00,0
1745520660,2025-04-24 14:51:00,0
1745520720,2025-04-24 14:52:00,0
1745520780,2025-04-24 14:53:00,0
1745520840,2025-04-24 14:54:00,0
1745520900,2025-04-24 14:55:00,0
1745520960,2025-04-24 14:56:00,0
1745521020,2025-04-24 14:57:00,0
1745521080,2025-04-24 14:58:00,0
1745521140,2025-04-24 14:59:00,0
1745521200,2025-04-24 15:00:00,0
1745521260,2025-04-24 15:01:00,0
1745521320,2025-04-24 15:02:00,0
1745521380,2025-04-24 15:03:00,0
1745521440,2025-04-24 15:04:00,0
1745521500,2025-04-24 15:05:00,0
1745521560,2025-04-24 15:06:00,0
1745521620,2025-04-24 15:07:00,0
1745521680,2025-04-24 15:08:00,0
1745521740,2025-04-24 15:09:00,0
1745521800,2025-04-24 15:10:00,0
1745521860,2025-04-24 15:11:00,0
1745521920,2025-04-24 15:12:00,0
1745521980,2025-04-24 15:13:00,0
1745522040,2025-04-24 15:14:00,0
1745522100,2025-04-24 15:15:00,0
1745522160,2025-04-24 15:16:00,0
1745522220,2025-04-24 15:17:00,0
1745522280,2025-04-24 15:18:00,0
1745522340,2025-04-24 15:19:00,0
1745522400,2025-04-24 15:20:00,0
1745522460,2025-04-24 15:21:00,0
1745522520,2025-04-24 15:22:00,0
1745522580,2025-04-24 15:23:00,0
1745522640,2025-04-24 15:24:00,0
1745522700,2025-04-24 15:25:00,0
1745522760,2025-04-24 15:26:00,0
1745522820,2025-04-24 15:27:00,0
1745522880,2025-04-24 15:28:00,0
1745522940,2025-04-24 15:29:00,0
1745523000,2025-04-24 15:30:00,0
1745523060,2025-04-24 15:31:00,0
1745523120,2025-04-24 15:32:00,0
1745523180,2025-04-24 15:33:00,0
1745523240,2025-04-24 15:34:00,0
1745523300,2025-04-24 15:35:00,0
1745523360,2025-04-24 15:36:00,0
1745523420,2025-04-24 15:37:00,0
1745523480,2025-04-24 15:38:00,0
1745523540,2025-04-24 15:39:00,0
1745523600,2025-04-24 15:40:00,0
1745523660,2025-04-24 15:41:00,0
1745523720,2025-04-24 15:42:00,0
1745523780,2025-04-24 15:43:00,0
1745523840,2025-04-24 15:44:00,0
1745523900,2025-04-24 15:45:00,0
1745523960,2025-04-24 15:46:00,0
1745524020,2025-04-24 15:47:00,0
1745524080,2025-04-24 15:48:00,0
1745524140,2025-04-24 15:49:00,0
1745524200,2025-04-24 15:50:00,0
1745524260,2025-04-24 15:51:00,0
1745524320,2025-04-24 15:52:00,0
1745524380,2025-04-24 15:53:00,0
1745524440,2025-04-24 15:54:00,0
1745524500,2025-04-24 15:55:00,0
1745524560,2025-04-24 15:56:00,0
1745524620,2025-04-24 15:57:00,0
1745524680,2025-04-24 15:58:00,0
1745524740,2025-04-24 15:59:00,0
1745524800,2025-04-24 16:00:00,0
1745524860,2025-04-24 16:01:00,0
1745524920,2025-04-24 16:02:00,0
1745524980,2025-04-24 16:03:00,0
1745525040,2025-04-24 16:04:00,0
1745525100,2025-04-24 16:05:00,0
1745525160,2025-04-24 16:06:00,0
1745525220,2025-04-24 16:07:00,0
1745525280,2025-04-24 16:08:00,0
1745525340,2025-04-24 16:09:00,0
1745525400,2025-04-24 16:10:00,0
1745525460,2025-04-24 16:11:00,0
1745525520,2025-04-24 16:12:00,0
1745525580,2025-04-24 16:13:00,0
1745525640,2025-04-24 16:14:00,0
1745525700,2025-04-24 16:15:00,0
1745525760,2025-04-24 16:16:00,0
1745525820,2025-04-24 16:17:00,0
1745525880,2025-04-24 16:18:00,0
1745525940,2025-04-24 16:19:00,0
1745526000,2025-04-24 16:20:00,0
1745526060,2025-04-24 16:21:00,0
1745526120,2025-04-24 16:22:00,0
1745526180,2025-04-24 16:23:00,0
1745526240,2025-04-24 16:24:00,0
1745526300,2025-04-24 16:25:00,0
1745526360,2025-04-24 16:26:00,0
1745526420,2025-04-24 16:27:00,0
1745526480,2025-04-24 16:28:00,0
1745526540,2025-04-24 16:29:00,0
1745526600,2025-04-24 16:30:00,0
1745526660,2025-04-24 16:31:00,0
1745526720,2025-04-24 16:32:00,0
1745526780,2025-04-24 16:33:00,0
1745526840,2025-04-24 16:34:00,0
1745526900,2025-04-24 16:35:00,0
1745526960,2025-04-24 16:36:00,0
1745527020,2025-04-24 16:37:00,0
1745527080,2025-04-24 16:38:00,0
1745527140,2025-04-24 16:39:00,0
1745527200,2025-04-24 16:40:00,0
1745527260,2025-04-24 16:41:00,0
1745527320,2025-04-24 16:42:00,0
1745527380,2025-04-24 16:43:00,0
1745527440,2025-04-24 16:44:00,0
1745527500,2025-04-24 16:45:00,0
1745527560,2025-04-24 16:46:00,0
1745527620,2025-04-24 16:47:00,0
1745527680,2025-04-24 16:48:00,0
1745527740,2025-04-24 16:49:00,0
1745527800,2025-04-24 16:50:00,0
1745527860,2025-04-24 16:51:00,0
1745527920,2025-04-24 16:52:00,0
1745527980,2025-04-24 16:53:00,0
1745528040,2025-04-24 16:54:00,0
1745528100,2025-04-24 16:55:00,0
1745528160,2025-04-24 16:56:00,0
1745528220,2025-04-24 16:57:00,0
1745528280,2025-04-24 16:58:00,0
1745528340,2025-04-24 16:59:00,0
1745528400,2025-04-24 17:00:00,0
1745528460,2025-04-24 17:01:00,0
1745528520,2025-04-24 17:02:00,0
1745528580,2025-04-24 17:03:00,0
1745528640,2025-04-24 17:04:00,0
1745528700,2025-04-24 17:05:00,0
1745528760,2025-04-24 17:06:00,0
1745528820,2025-04-24 17:07:00,0
1745528880,2025-04-24 17:08:00,0
1745528940,2025-04-24 17:09:00,0
1745529000,2025-04-24 17:10:00,0
1745529060,2025-04-24 17:11:00,0
1745529120,2025-04-24 17:12:00,0
1745529180,2025-04-24 17:13:00,0
1745529240,2025-04-24 17:14:00,0
1745529300,2025-04-24 17:15:00,0
1745529360,2025-04-24 17:16:00,0
1745529420,2025-04-24 17:17:00,0
1745529480,2025-04-24 17:18:00,0
1745529540,2025-04-24 17:19:00,0
1745529600,2025-04-24 17:20:00,0
1745529660,2025-04-24 17:21:00,0
1745529720,2025-04-24 17:22:00,0
1745529780,2025-04-24 17:23:00,0
1745529840,2025-04-24 17:24:00,0
1745529900,2025-04-24 17:25:00,0
1745529960,2025-04-24 17:26:00,0
1745530020,2025-04-24 17:27:00,0
1745530080,2025-04-24 17:28:00,0
1745530140,2025-04-24 17:29:00,0
1745530200,2025-04-24 17:30:00,0
1745530260,2025-04-24 17:31:00,0
1745530320,2025-04-24 17:32:00,0
1745530380,2025-04-24 17:33:00,0
1745530440,2025-04-24 17:34:00,0
1745530500,2025-04-24 17:35:00,0
1745530560,2025-04-24 17:36:00,0
1745530620,2025-04-24 17:37:00,0
1745530680,2025-04-24 17:38:00,0
1745530740,2025-04-24 17:39:00,0
1745530800,2025-04-24 17:40:00,0
1745530860,2025-04-24 17:41:00,0
1745530920,2025-04-24 17:42:00,0
1745530980,2025-04-24 17:43:00,0
1745531040,2025-04-24 17:44:00,0
1745531100,2025-04-24 17:45:00,0
1745531160,2025-04-24 17:46:00,0
1745531220,2025-04-24 17:47:00,0
1745531280,2025-04-24 17:48:00,0
1745531340,2025-04-24 17:49:00,0
1745531400,2025-04-24 17:50:00,0
1745531460,2025-04-24 17:51:00,0
1745531520,2025-04-24 17:52:00,0
1745531580,2025-04-24 17:53:00,0
1745531640,2025-04-24 17:54:00,0
1745531700,2025-04-24 17:55:00,0
1745531760,2025-04-24 17:56:00,0
1745531820,2025-04-24 17:57:00,0
1745531880,2025-04-24 17:58:00,0
1745531940,2025-04-24 17:59:00,0
1745532000,2025-04-24 18:00:00,0
1745532060,2025-04-24 18:01:00,0
1745532120,2025-04-24 18:02:00,0
1745532180,2025-04-24 18:03:00,0
1745532240,2025-04-24 18:04:00,0
1745532300,2025-04-24 18:05:00,0
1745532360,2025-04-24 18:06:00,0
1745532420,2025-04-24 18:07:00,0
1745532480,2025-04-24 18:08:00,0
1745532540,2025-04-24 18:09:00,0
1745532600,2025-04-24 18:10:00,0
1745532660,2025-04-24 18:11:00,0
1745532720,2025-04-24 18:12:00,0
1745532780,2025-04-24 18:13:00,0
1745532840,2025-04-24 18:14:00,0
1745532900,2025-04-24 18:15:00,0
1745532960,2025-04-24 18:16:00,0
1745533020,2025-04-24 18:17:00,0
1745533080,2025-04-24 18:18:00,0
1745533140,2025-04-24 18:19:00,0
1745533200,2025-04-24 18:20:00,0
1745533260,2025-04-24 18:21:00,0
1745533320,2025-04-24 18:22:00,0
1745533380,2025-04-24 18:23:00,0
1745533440,2025-04-24 18:24:00,0
1745533500,2025-04-24 18:25:00,0
1745533560,2025-04-24 18:26:00,0
1745533620,2025-04-24 18:27:00,0
1745533680,2025-04-24 18:28:00,0
1745533740,2025-04-24 18:29:00,0
1745533800,2025-04-24 18:30:00,0
1745533860,2025-04-24 18:31:00,0
1745533920,2025-04-24 18:32:00,0
1745533980,2025-04-24 18:33:00,0
1745534040,2025-04-24 18:34:00,0
1745534100,2025-04-24 18:35:00,0
1745534160,2025-04-24 18:36:00,0
1745534220,2025-04-24 18:37:00,0
1745534280,2025-04-24 18:38:00,0
1745534340,2025-04-24 18:39:00,0
1745534400,2025-04-24 18:40:00,0
1745534460,2025-04-24 18:41:00,0
1745534520,2025-04-24 18:42:00,0
1745534580,2025-04-24 18:43:00,0
1745534640,2025-04-24 18:44:00,0
1745534700,2025-04-24 18:45:00,0
1745534760,2025-04-24 18:46:00,0
1745534820,2025-04-24 18:47:00,0
1745534880,2025-04-24 18:48:00,0
1745534940,2025-04-24 18:49:00,0
1745535000,2025-04-24 18:50:00,0
1745535060,2025-04-24 18:51:00,0
1745535120,2025-04-24 18:52:00,0
1745535180,2025-04-24 18:53:00,0
1745535240,2025-04-24 18:54:00,0
1745535300,2025-04-24 18:55:00,0
1745535360,2025-04-24 18:56:00,0
1745535420,2025-04-24 18:57:00,0
1745535480,2025-04-24 18:58:00,0
1745535540,2025-04-24 18:59:00,0
1745535600,2025-04-24 19:00:00,0
1745535660,2025-04-24 19:01:00,0
1745535720,2025-04-24 19:02:00,0
1745535780,2025-04-24 19:03:00,0
1745535840,2025-04-24 19:04:00,0
1745535900,2025-04-24 19:05:00,0
1745535960,2025-04-24 19:06:00,0
1745536020,2025-04-24 19:07:00,0
1745536080,2025-04-24 19:08:00,0
1745536140,2025-04-24 19:09:00,0
1745536200,2025-04-24 19:10:00,0
1745536260,2025-04-24 19:11:00,0
1745536320,2025-04-24 19:12:00,0
1745536380,2025-04-24 19:13:00,0
1745536440,2025-04-24 19:14:00,0
1745536500,2025-04-24 19:15:00,0
1745536560,2025-04-24 19:16:00,0
1745536620,2025-04-24 19:17:00,0
1745536680,2025-04-24 19:18:00,0
1745536740,2025-04-24 19:19:00,0
1745536800,2025-04-24 19:20:00,0
1745536860,2025-04-24 19:21:00,0
1745536920,2025-04-24 19:22:00,0
1745536980,2025-04-24 19:23:00,0
1745537040,2025-04-24 19:24:00,0
1745537100,2025-04-24 19:25:00,0
1745537160,2025-04-24 19:26:00,0
1745537220,2025-04-24 19:27:00,0
1745537280,2025-04-24 19:28:00,0
1745537340,2025-04-24 19:29:00,0
1745537400,2025-04-24 19:30:00,0
1745537460,2025-04-24 19:31:00,0
1745537520,2025-04-24 19:32:00,0
1745537580,2025-04-24 19:33:00,0
1745537640,2025-04-24 19:34:00,0
1745537700,2025-04-24 19:35:00,0
1745537760,2025-04-24 19:36:00,0
1745537820,2025-04-24 19:37:00,0
1745537880,2025-04-24 19:38:00,0
1745537940,2025-04-24 19:39:00,0
1745538000,2025-04-24 19:40:00,0
1745538060,2025-04-24 19:41:00,0
1745538120,2025-04-24 19:42:00,0
1745538180,2025-04-24 19:43:00,0
1745538240,2025-04-24 19:44:00,0
1745538300,2025-04-24 19:45:00,0
1745538360,2025-04-24 19:46:00,0
1745538420,2025-04-24 19:47:00,0
1745538480,2025-04-24 19:48:00,0
1745538540,2025-04-24 19:49:00,0
1745538600,2025-04-24 19:50:00,0
1745538660,2025-04-24 19:51:00,0
1745538720,2025-04-24 19:52:00,0
1745538780,2025-04-24 19:53:00,0
1745538840,2025-04-24 19:54:00,0
1745538900,2025-04-24 19:55:00,0
1745538960,2025-04-24 19:56:00,0
1745539020,2025-04-24 19:57:00,0
1745539080,2025-04-24 19:58:00,0
1745539140,2025-04-24 19:59:00,0
1745539200,2025-04-24 20:00:00,0
1745539260,2025-04-24 20:01:00,0
1745539320,2025-04-24 20:02:00,0
1745539380,2025-04-24 20:03:00,0
1745539440,2025-04-24 20:04:00,0
1745539500,2025-04-24 20:05:00,0
1745539560,2025-04-24 20:06:00,0
1745539620,2025-04-24 20:07:00,0
1745539680,2025-04-24 20:08:00,0
1745539740,2025-04-24 20:09:00,0
1745539800,2025-04-24 20:10:00,0
1745539860,2025-04-24 20:11:00,0
1745539920,2025-04-24 20:12:00,0
1745539980,2025-04-24 20:13:00,0
1745540040,2025-04-24 20:14:00,0
1745540100,2025-04-24 20:15:00,0
1745540160,2025-04-24 20:16:00,0
1745540220,2025-04-24 20:17:00,0
1745540280,2025-04-24 20:18:00,0
1745540340,2025-04-24 20:19:00,0
1745540400,2025-04-24 20:20:00,0
1745540460,2025-04-24 20:21:00,0
1745540520,2025-04-24 20:22:00,0
1745540580,2025-04-24 20:23:00,0
1745540640,2025-04-24 20:24:00,0
1745540700,2025-04-24 20:25:00,0
1745540760,2025-04-24 20:26:00,0
1745540820,2025-04-24 20:27:00,0
1745540880,2025-04-24 20:28:00,0
1745540940,2025-04-24 20:29:00,0
1745541000,2025-04-24 20:30:00,0
1745541060,2025-04-24 20:31:00,0
1745541120,2025-04-24 20:32:00,0
1745541180,2025-04-24 20:33:00,0
1745541240,2025-04-24 20:34:00,0
1745541300,2025-04-24 20:35:00,0
1745541360,2025-04-24 20:36:00,0
1745541420,2025-04-24 20:37:00,0
1745541480,2025-04-24 20:38:00,0
1745541540,2025-04-24 20:39:00,0
1745541600,2025-04-24 20:40:00,0
1745541660,2025-04-24 20:41:00,0
1745541720,2025-04-24 20:42:00,0
1745541780,2025-04-24 20:43:00,0
1745541840,2025-04-24 20:44:00,0
1745541900,2025-04-24 20:45:00,0
1745541960,2025-04-24 20:46:00,0
1745542020,2025-04-24 20:47:00,0
1745542080,2025-04-24 20:48:00,0
1745542140,2025-04-24 20:49:00,0
1745542200,2025-04-24 20:50:00,0
1745542260,2025-04-24 20:51:00,0
1745542320,2025-04-24 20:52:00,0
1745542380,2025-04-24 20:53:00,0
1745542440,2025-04-24 20:54:00,0
1745542500,2025-04-24 20:55:00,0
1745542560,2025-04-24 20:56:00,0
1745542620,2025-04-24 20:57:00,0
1745542680,2025-04-24 20:58:00,0
1745542740,2025-04-24 20:59:00,0
1745542800,2025-04-24 21:00:00,0
1745542860,2025-04-24 21:01:00,0
1745542920,2025-04-24 21:02:00,0
1745542980,2025-04-24 21:03:00,0
1745543040,2025-04-24 21:04:00,0
1745543100,2025-04-24 21:05:00,0
1745543160,2025-04-24 21:06:00,0
1745543220,2025-04-24 21:07:00,0
1745543280,2025-04-24 21:08:00,0
1745543340,2025-04-24 21:09:00,0
1745543400,2025-04-24 21:10:00,0
1745543460,2025-04-24 21:11:00,0
1745543520,2025-04-24 21:12:00,0
1745543580,2025-04-24 21:13:00,0
1745543640,2025-04-24 21:14:00,0
1745543700,2025-04-24 21:15:00,0
1745543760,2025-04-24 21:16:00,0
1745543820,2025-04-24 21:17:00,0
1745543880,2025-04-24 21:18:00,0
1745543940,2025-04-24 21:19:00,0
1745544000,2025-04-24 21:20:00,0
1745544060,2025-04-24 21:21:00,0
1745544120,2025-04-24 21:22:00,0
1745544180,2025-04-24 21:23:00,0
1745544240,2025-04-24 21:24:00,0
1745544300,2025-04-24 21:25:00,0
1745544360,2025-04-24 21:26:00,0
1745544420,2025-04-24 21:27:00,0
1745544480,2025-04-24 21:28:00,0
1745544540,2025-04-24 21:29:00,0
1745544600,2025-04-24 21:30:00,0
1745544660,2025-04-24 21:31:00,0
1745544720,2025-04-24 21:32:00,0
1745544780,2025-04-24 21:33:00,0
1745544840,2025-04-24 21:34:00,0
1745544900,2025-04-24 21:35:00,0
1745544960,2025-04-24 21:36:00,0
1745545020,2025-04-24 21:37:00,0
1745545080,2025-04-24 21:38:00,0
1745545140,2025-04-24 21:39:00,0
1745545200,2025-04-24 21:40:00,0
1745545260,2025-04-24 21:41:00,0
1745545320,2025-04-24 21:42:00,0
1745545380,2025-04-24 21:43:00,0
1745545440,2025-04-24 21:44:00,0
1745545500,2025-04-24 21:45:00,0
1745545560,2025-04-24 21:46:00,0
1745545620,2025-04-24 21:47:00,0
1745545680,2025-04-24 21:48:00,0
1745545740,2025-04-24 21:49:00,0
1745545800,2025-04-24 21:50:00,0
1745545860,2025-04-24 21:51:00,0
1745545920,2025-04-24 21:52:00,0
1745545980,2025-04-24 21:53:00,0
1745546040,2025-04-24 21:54:00,0
1745546100,2025-04-24 21:55:00,0
1745546160,2025-04-24 21:56:00,0
1745546220,2025-04-24 21:57:00,0
1745546280,2025-04-24 21:58:00,0
1745546340,2025-04-24 21:59:00,0
1745546400,2025-04-24 22:00:00,0
1745546460,2025-04-24 22:01:00,0
1745546520,2025-04-24 22:02:00,0
1745546580,2025-04-24 22:03:00,0
1745546640,2025-04-24 22:04:00,0
1745546700,2025-04-24 22:05:00,0
1745546760,2025-04-24 22:06:00,0
1745546820,2025-04-24 22:07:00,0
1745546880,2025-04-24 22:08:00,0
1745546940,2025-04-24 22:09:00,0
1745547000,2025-04-24 22:10:00,0
1745547060,2025-04-24 22:11:00,0
1745547120,2025-04-24 22:12:00,0
1745547180,2025-04-24 22:13:00,0
1745547240,2025-04-24 22:14:00,0
1745547300,2025-04-24 22:15:00,0
1745547360,2025-04-24 22:16:00,0
1745547420,2025-04-24 22:17:00,0
1745547480,2025-04-24 22:18:00,0
1745547540,2025-04-24 22:19:00,0
1745547600,2025-04-24 22:20:00,0
1745547660,2025-04-24 22:21:00,0
1745547720,2025-04-24 22:22:00,0
1745547780,2025-04-24 22:23:00,0
1745547840,2025-04-24 22:24:00,0
1745547900,2025-04-24 22:25:00,0
1745547960,2025-04-24 22:26:00,0
1745548020,2025-04-24 22:27:00,0
1745548080,2025-04-24 22:28:00,0
1745548140,2025-04-24 22:29:00,0
1745548200,2025-04-24 22:30:00,0
1745548260,2025-04-24 22:31:00,0
1745548320,2025-04-24 22:32:00,0
1745548380,2025-04-24 22:33:00,0
1745548440,2025-04-24 22:34:00,0
1745548500,2025-04-24 22:35:00,0
1745548560,2025-04-24 22:36:00,0
1745548620,2025-04-24 22:37:00,0
1745548680,2025-04-24 22:38:00,0
1745548740,2025-04-24 22:39:00,0
1745548800,2025-04-24 22:40:00,0
1745548860,2025-04-24 22:41:00,0
1745548920,2025-04-24 22:42:00,0
1745548980,2025-04-24 22:43:00,0
1745549040,2025-04-24 22:44:00,0
1745549100,2025-04-24 22:45:00,0
1745549160,2025-04-24 22:46:00,0
1745549220,2025-04-24 22:47:00,0
1745549280,2025-04-24 22:48:00,0
1745549340,2025-04-24 22:49:00,0
1745549400,2025-04-24 22:50:00,0
1745549460,2025-04-24 22:51:00,0
1745549520,2025-04-24 22:52:00,0
1745549580,2025-04-24 22:53:00,0
1745549640,2025-04-24 22:54:00,0
1745549700,2025-04-24 22:55:00,0
1745549760,2025-04-24 22:56:00,0
1745549820,2025-04-24 22:57:00,0
1745549880,2025-04-24 22:58:00,0
1745549940,2025-04-24 22:59:00,0
1745550000,2025-04-24 23:00:00,0
1745550060,2025-04-24 23:01:00,0
1745550120,2025-04-24 23:02:00,0
1745550180,2025-04-24 23:03:00,0
1745550240,2025-04-24 23:04:00,0
1745550300,2025-04-24 23:05:00,0
1745550360,2025-04-24 23:06:00,0
1745550420,2025-04-24 23:07:00,0
1745550480,2025-04-24 23:08:00,0
1745550540,2025-04-24 23:09:00,0
1745550600,2025-04-24 23:10:00,0
1745550660,2025-04-24 23:11:00,0
1745550720,2025-04-24 23:12:00,0
1745550780,2025-04-24 23:13:00,0
1745550840,2025-04-24 23:14:00,0
1745550900,2025-04-24 23:15:00,0
1745550960,2025-04-24 23:16:00,0
1745551020,2025-04-24 23:17:00,0
1745551080,2025-04-24 23:18:00,0
1745551140,2025-04-24 23:19:00,0
1745551200,2025-04-24 23:20:00,0
1745551260,2025-04-24 23:21:00,0
1745551320,2025-04-24 23:22:00,0
1745551380,2025-04-24 23:23:00,0
1745551440,2025-04-24 23:24:00,0
1745551500,2025-04-24 23:25:00,0
1745551560,2025-04-24 23:26:00,0
1745551620,2025-04-24 23:27:00,0
1745551680,2025-04-24 23:28:00,0
1745551740,2025-04-24 23:29:00,0
1745551800,2025-04-24 23:30:00,0
1745551860,2025-04-24 23:31:00,0
1745551920,2025-04-24 23:32:00,0
1745551980,2025-04-24 23:33:00,0
1745552040,2025-04-24 23:34:00,0
1745552100,2025-04-24 23:35:00,0
1745552160,2025-04-24 23:36:00,0
1745552220,2025-04-24 23:37:00,0
1745552280,2025-04-24 23:38:00,0
1745552340,2025-04-24 23:39:00,0
1745552400,2025-04-24 23:40:00,0
1745552460,2025-04-24 23:41:00,0
1745552520,2025-04-24 23:42:00,0
1745552580,2025-04-24 23:43:00,0
1745552640,2025-04-24 23:44:00,0
1745552700,2025-04-24 23:45:00,0
1745552760,2025-04-24 23:46:00,0
1745552820,2025-04-24 23:47:00,0
1745552880,2025-04-24 23:48:00,0
1745552940,2025-04-24 23:49:00,0
1745553000,2025-04-24 23:50:00,0
1745553060,2025-04-24 23:51:00,0
1745553120,2025-04-24 23:52:00,0
1745553180,2025-04-24 23:53:00,0
1745553240,2025-04-24 23:54:00,0
1745553300,2025-04-24 23:55:00,0
1745553360,2025-04-24 23:56:00,0
1745553420,2025-04-24 23:57:00,0
1745553480,2025-04-24 23:58:00,0
1745553540,2025-04-24 23:59:00,0
