time_stamp,humidity,temperature (F),temp C
2025-04-02T00:00:00Z,28,52,11.11111111
2025-04-02T00:10:00Z,28.6,52,11.11111111
2025-04-02T00:20:00Z,28,52,11.11111111
2025-04-02T00:30:00Z,27.6,52,11.11111111
2025-04-02T00:40:00Z,26.8,51.399,10.77722222
2025-04-02T00:50:00Z,27,51,10.55555556
2025-04-02T01:00:00Z,27,51,10.55555556
2025-04-02T01:10:00Z,27.399,51,10.55555556
2025-04-02T01:20:00Z,28,50.399,10.22166667
2025-04-02T01:30:00Z,28,50.6,10.33333333
2025-04-02T01:40:00Z,28,50.6,10.33333333
2025-04-02T01:50:00Z,28.399,50.2,10.11111111
2025-04-02T02:00:00Z,29,50,10
2025-04-02T02:10:00Z,29,50,10
2025-04-02T02:20:00Z,29,49.799,9.888333333
2025-04-02T02:30:00Z,29.399,50,10
2025-04-02T02:40:00Z,29.199,50,10
2025-04-02T02:50:00Z,29.8,49.6,9.777777778
2025-04-02T03:00:00Z,30,49,9.444444444
2025-04-02T03:10:00Z,30,49.2,9.555555556
2025-04-02T03:20:00Z,30,49,9.444444444
2025-04-02T03:30:00Z,30.6,49,9.444444444
2025-04-02T03:40:00Z,31,49,9.444444444
2025-04-02T03:50:00Z,31,48.399,9.110555556
2025-04-02T04:00:00Z,31,48.799,9.332777778
2025-04-02T04:10:00Z,31,48.6,9.222222222
2025-04-02T04:20:00Z,30.8,48.799,9.332777778
2025-04-02T04:30:00Z,31.8,46.799,8.221666667
2025-04-02T04:40:00Z,32.2,46.6,8.111111111
2025-04-02T04:50:00Z,32,46.2,7.888888889
2025-04-02T05:00:00Z,32.2,46.799,8.221666667
2025-04-02T05:10:00Z,32,46.6,8.111111111
2025-04-02T05:20:00Z,32,47.2,8.444444444
2025-04-02T05:30:00Z,32.2,47,8.333333333
2025-04-02T05:40:00Z,33,46,7.777777778
2025-04-02T05:50:00Z,33,45.799,7.666111111
2025-04-02T06:00:00Z,33.399,45.2,7.333333333
2025-04-02T06:10:00Z,34.399,45.399,7.443888889
2025-04-02T06:20:00Z,34,45.799,7.666111111
2025-04-02T06:30:00Z,34.399,45,7.222222222
2025-04-02T06:40:00Z,35.799,44.6,7
2025-04-02T06:50:00Z,36,44.6,7
2025-04-02T07:00:00Z,35.6,44.6,7
2025-04-02T07:10:00Z,36,44.799,7.110555556
2025-04-02T07:20:00Z,35.399,45.6,7.555555556
2025-04-02T07:30:00Z,34.399,46.399,7.999444444
2025-04-02T07:40:00Z,34.2,46.799,8.221666667
2025-04-02T07:50:00Z,34.2,47,8.333333333
2025-04-02T08:00:00Z,34.799,47,8.333333333
2025-04-02T08:10:00Z,34.799,47,8.333333333
2025-04-02T08:20:00Z,34,47,8.333333333
2025-04-02T08:30:00Z,34.399,46.799,8.221666667
2025-04-02T08:40:00Z,34.2,46.799,8.221666667
2025-04-02T08:50:00Z,34.2,47,8.333333333
2025-04-02T09:00:00Z,34.2,46.2,7.888888889
2025-04-02T09:10:00Z,34,46.399,7.999444444
2025-04-02T09:20:00Z,35.2,45.2,7.333333333
2025-04-02T09:30:00Z,36,44.6,7
2025-04-02T09:40:00Z,36,44,6.666666667
2025-04-02T09:50:00Z,36.799,43.799,6.555
2025-04-02T10:00:00Z,37,44,6.666666667
2025-04-02T10:10:00Z,36,44.799,7.110555556
2025-04-02T10:20:00Z,35.799,44.799,7.110555556
2025-04-02T10:30:00Z,36.2,44.2,6.777777778
2025-04-02T10:40:00Z,36.399,44.399,6.888333333
2025-04-02T10:50:00Z,36.399,45,7.222222222
2025-04-02T11:00:00Z,36.6,44.6,7
2025-04-02T11:10:00Z,36.399,44.799,7.110555556
2025-04-02T11:20:00Z,35.799,45.2,7.333333333
2025-04-02T11:30:00Z,35.799,45.399,7.443888889
2025-04-02T11:40:00Z,36,45.399,7.443888889
2025-04-02T11:50:00Z,35.799,46,7.777777778
2025-04-02T12:00:00Z,35.399,46.799,8.221666667
2025-04-02T12:10:00Z,35,47.2,8.444444444
2025-04-02T12:20:00Z,34.399,48,8.888888889
2025-04-02T12:30:00Z,34,48.399,9.110555556
2025-04-02T12:40:00Z,34,48,8.888888889
2025-04-02T12:50:00Z,34.399,48.2,9
2025-04-02T13:00:00Z,34.2,48.799,9.332777778
2025-04-02T13:10:00Z,34,48.799,9.332777778
2025-04-02T13:20:00Z,34,49.399,9.666111111
2025-04-02T13:30:00Z,33.799,50.2,10.11111111
2025-04-02T13:40:00Z,32.6,51.399,10.77722222
2025-04-02T13:50:00Z,30.399,54.6,12.55555556
2025-04-02T14:00:00Z,28.8,56.6,13.66666667
2025-04-02T14:10:00Z,27.399,58.399,14.66611111
2025-04-02T14:20:00Z,27.199,59.2,15.11111111
2025-04-02T14:30:00Z,28.199,57.799,14.33277778
2025-04-02T14:40:00Z,29,57.799,14.33277778
2025-04-02T14:50:00Z,29.199,58.399,14.66611111
2025-04-02T15:00:00Z,29.199,58.799,14.88833333
2025-04-02T15:10:00Z,30,58.799,14.88833333
2025-04-02T15:20:00Z,30.8,58,14.44444444
2025-04-02T15:30:00Z,32,57.799,14.33277778
2025-04-02T15:40:00Z,31.399,58.799,14.88833333
2025-04-02T15:50:00Z,31.6,59.399,15.22166667
2025-04-02T16:00:00Z,31.6,60,15.55555556
2025-04-02T16:10:00Z,31.199,60.799,15.99944444
2025-04-02T16:20:00Z,32,60.799,15.99944444
2025-04-02T16:30:00Z,32,61.399,16.33277778
2025-04-02T16:40:00Z,33.6,60.399,15.77722222
2025-04-02T16:50:00Z,34.2,60.6,15.88888889
2025-04-02T17:00:00Z,34.399,61,16.11111111
2025-04-02T17:10:00Z,34.6,60.799,15.99944444
2025-04-02T17:20:00Z,37,60.399,15.77722222
2025-04-02T17:30:00Z,41.6,59,15
2025-04-02T17:40:00Z,43.399,58.399,14.66611111
2025-04-02T17:50:00Z,42.799,59,15
2025-04-02T18:00:00Z,41.799,59,15
2025-04-02T18:10:00Z,42,59,15
2025-04-02T18:20:00Z,40.799,60.2,15.66666667
2025-04-02T18:30:00Z,45.399,60.399,15.77722222
2025-04-02T18:40:00Z,50.399,60.399,15.77722222
2025-04-02T18:50:00Z,48.799,60,15.55555556
2025-04-02T19:00:00Z,51.6,59.399,15.22166667
2025-04-02T19:10:00Z,52.6,59.799,15.44388889
2025-04-02T19:20:00Z,53.2,59.6,15.33333333
2025-04-02T19:30:00Z,52.799,59.2,15.11111111
2025-04-02T19:40:00Z,52,60,15.55555556
2025-04-02T19:50:00Z,52,59.6,15.33333333
2025-04-02T20:00:00Z,52,59.799,15.44388889
2025-04-02T20:10:00Z,51.399,60.2,15.66666667
2025-04-02T20:20:00Z,50.399,61.399,16.33277778
2025-04-02T20:30:00Z,49.2,61.799,16.555
2025-04-02T20:40:00Z,48.2,62.2,16.77777778
2025-04-02T20:50:00Z,46.799,63.2,17.33333333
2025-04-02T21:00:00Z,45,64.799,18.22166667
2025-04-02T21:10:00Z,43.799,65.4,18.55555556
2025-04-02T21:20:00Z,44.2,65.4,18.55555556
2025-04-02T21:30:00Z,44.399,65.2,18.44444444
2025-04-02T21:40:00Z,44,65.4,18.55555556
2025-04-02T21:50:00Z,43.2,66,18.88888889
2025-04-02T22:00:00Z,43,66.599,19.22166667
2025-04-02T22:10:00Z,43,66.799,19.33277778
2025-04-02T22:20:00Z,42.399,67.4,19.66666667
2025-04-02T22:30:00Z,43,67,19.44444444
2025-04-02T22:40:00Z,43,66.799,19.33277778
2025-04-02T22:50:00Z,42.799,67.2,19.55555556
2025-04-02T23:00:00Z,43.399,66.599,19.22166667
2025-04-02T23:10:00Z,43,66.799,19.33277778
2025-04-02T23:20:00Z,43.799,66,18.88888889
2025-04-02T23:30:00Z,44.6,65.799,18.77722222
2025-04-02T23:40:00Z,44.6,65.599,18.66611111
2025-04-02T23:50:00Z,45,65.799,18.77722222
2025-04-03T00:00:00Z,45.399,65.4,18.55555556
2025-04-03T00:10:00Z,45.799,65.2,18.44444444
2025-04-03T00:20:00Z,46,65,18.33333333
2025-04-03T00:30:00Z,46.6,64.4,18
2025-04-03T00:40:00Z,47,64,17.77777778
2025-04-03T00:50:00Z,47.2,64,17.77777778
2025-04-03T01:00:00Z,47.6,63.799,17.66611111
2025-04-03T01:10:00Z,50.6,63.399,17.44388889
2025-04-03T01:20:00Z,51,63,17.22222222
2025-04-03T01:30:00Z,50.6,63,17.22222222
2025-04-03T01:40:00Z,50.6,63,17.22222222
2025-04-03T01:50:00Z,50.799,62.799,17.11055556
2025-04-03T02:00:00Z,50.6,63.2,17.33333333
2025-04-03T02:10:00Z,51,63,17.22222222
2025-04-03T02:20:00Z,51.2,63.2,17.33333333
2025-04-03T02:30:00Z,51.399,63.2,17.33333333
2025-04-03T02:40:00Z,52,62.6,17
2025-04-03T02:50:00Z,51.2,63.799,17.66611111
2025-04-03T03:00:00Z,51.399,63.6,17.55555556
2025-04-03T03:10:00Z,51.799,63.6,17.55555556
2025-04-03T03:20:00Z,50.6,64.4,18
2025-04-03T03:30:00Z,50.799,64.799,18.22166667
2025-04-03T03:40:00Z,51,65.2,18.44444444
2025-04-03T03:50:00Z,51,66,18.88888889
2025-04-03T04:00:00Z,51.2,66,18.88888889
2025-04-03T04:10:00Z,51.2,67,19.44444444
2025-04-03T04:20:00Z,51.2,67.4,19.66666667
2025-04-03T04:30:00Z,51,68,20
2025-04-03T04:40:00Z,50.399,68.2,20.11111111
2025-04-03T04:50:00Z,50,69,20.55555556
2025-04-03T05:00:00Z,50.2,68.799,20.44388889
2025-04-03T05:10:00Z,50,69,20.55555556
2025-04-03T05:20:00Z,49,69.599,20.88833333
2025-04-03T05:30:00Z,49.2,69.799,20.99944444
2025-04-03T05:40:00Z,49,70,21.11111111
2025-04-03T05:50:00Z,48.799,70,21.11111111
2025-04-03T06:00:00Z,49.2,69.799,20.99944444
2025-04-03T06:10:00Z,49,70,21.11111111
2025-04-03T06:20:00Z,48.6,70.4,21.33333333
2025-04-03T06:30:00Z,48,70.799,21.555
2025-04-03T06:40:00Z,48.6,70.799,21.555
2025-04-03T06:50:00Z,48.399,71,21.66666667
2025-04-03T07:00:00Z,48,71,21.66666667
2025-04-03T07:10:00Z,48,71.2,21.77777778
2025-04-03T07:20:00Z,48.2,71.4,21.88888889
2025-04-03T07:30:00Z,48,72,22.22222222
2025-04-03T07:40:00Z,47.799,72,22.22222222
2025-04-03T07:50:00Z,48,72,22.22222222
2025-04-03T08:00:00Z,48,72,22.22222222
2025-04-03T08:10:00Z,48,72,22.22222222
2025-04-03T08:20:00Z,48.2,72.4,22.44444444
2025-04-03T08:30:00Z,49.2,73,22.77777778
2025-04-03T08:40:00Z,54.2,71.799,22.11055556
2025-04-03T08:50:00Z,58.799,70.799,21.555
2025-04-03T09:00:00Z,59.799,70,21.11111111
2025-04-03T09:10:00Z,60.799,69.799,20.99944444
2025-04-03T09:20:00Z,61.399,69.599,20.88833333
2025-04-03T09:30:00Z,61.6,69,20.55555556
2025-04-03T09:40:00Z,62,68.799,20.44388889
2025-04-03T09:50:00Z,61.799,69,20.55555556
2025-04-03T10:00:00Z,61.399,69,20.55555556
2025-04-03T10:10:00Z,61.799,68.599,20.33277778
2025-04-03T10:20:00Z,61.6,69,20.55555556
2025-04-03T10:30:00Z,62.2,68.599,20.33277778
2025-04-03T10:40:00Z,62.799,68.2,20.11111111
2025-04-03T10:50:00Z,63,68,20
2025-04-03T11:00:00Z,63.799,67.799,19.88833333
2025-04-03T11:10:00Z,64.799,67.2,19.55555556
2025-04-03T11:20:00Z,65.599,67,19.44444444
2025-04-03T11:30:00Z,65.4,67,19.44444444
2025-04-03T11:40:00Z,66,66.799,19.33277778
2025-04-03T11:50:00Z,65.799,67,19.44444444
2025-04-03T12:00:00Z,66.2,67,19.44444444
2025-04-03T12:10:00Z,65.2,67.799,19.88833333
2025-04-03T12:20:00Z,65,67.599,19.77722222
2025-04-03T12:30:00Z,63.799,68.4,20.22222222
2025-04-03T12:40:00Z,63.6,68.799,20.44388889
2025-04-03T12:50:00Z,63.799,69,20.55555556
2025-04-03T13:00:00Z,64,68.4,20.22222222
2025-04-03T13:10:00Z,63.2,69,20.55555556
2025-04-03T13:20:00Z,62.799,69,20.55555556
2025-04-03T13:30:00Z,62.799,69.2,20.66666667
2025-04-03T13:40:00Z,62,70,21.11111111
2025-04-03T13:50:00Z,61.399,70,21.11111111
2025-04-03T14:00:00Z,60.399,70.599,21.44388889
2025-04-03T14:10:00Z,59.2,71,21.66666667
2025-04-03T14:20:00Z,58.399,71.4,21.88888889
2025-04-03T14:30:00Z,56.399,72.4,22.44444444
2025-04-03T14:40:00Z,55,73.799,23.22166667
2025-04-03T14:50:00Z,54,74,23.33333333
2025-04-03T15:00:00Z,53.6,74.2,23.44444444
2025-04-03T15:10:00Z,51.399,75.799,24.33277778
2025-04-03T15:20:00Z,49.799,76.2,24.55555556
2025-04-03T15:30:00Z,50,76,24.44444444
2025-04-03T15:40:00Z,50.2,75.4,24.11111111
2025-04-03T15:50:00Z,50.399,75,23.88888889
2025-04-03T16:00:00Z,50.799,75,23.88888889
2025-04-03T16:10:00Z,50.2,75.4,24.11111111
2025-04-03T16:20:00Z,49.2,76,24.44444444
2025-04-03T16:30:00Z,48.6,76,24.44444444
2025-04-03T16:40:00Z,49,76,24.44444444
2025-04-03T16:50:00Z,48.2,76,24.44444444
2025-04-03T17:00:00Z,47.799,75.799,24.33277778
2025-04-03T17:10:00Z,49,75.599,24.22166667
2025-04-03T17:20:00Z,49,75.2,24
2025-04-03T17:30:00Z,48.399,76,24.44444444
2025-04-03T17:40:00Z,48.399,76,24.44444444
2025-04-03T17:50:00Z,48,76.2,24.55555556
2025-04-03T18:00:00Z,47.399,76.2,24.55555556
2025-04-03T18:10:00Z,48,76.4,24.66666667
2025-04-03T18:20:00Z,48.399,75.799,24.33277778
2025-04-03T18:30:00Z,49,76,24.44444444
2025-04-03T18:40:00Z,50.2,75,23.88888889
2025-04-03T18:50:00Z,52.799,74.799,23.77722222
2025-04-03T19:00:00Z,55.399,74,23.33333333
2025-04-03T19:10:00Z,57,74,23.33333333
2025-04-03T19:20:00Z,58,73.599,23.11055556
2025-04-03T19:30:00Z,58.6,73.2,22.88888889
2025-04-03T19:40:00Z,59,73,22.77777778
2025-04-03T19:50:00Z,58.799,72.4,22.44444444
2025-04-03T20:00:00Z,59.2,71.599,21.99944444
2025-04-03T20:10:00Z,59.2,71.599,21.99944444
2025-04-03T20:20:00Z,58.399,72,22.22222222
2025-04-03T20:30:00Z,57.399,72.799,22.66611111
2025-04-03T20:40:00Z,56,73,22.77777778
2025-04-03T20:50:00Z,56,73,22.77777778
2025-04-03T21:00:00Z,56,73,22.77777778
2025-04-03T21:10:00Z,56.6,73,22.77777778
2025-04-03T21:20:00Z,58.2,72.2,22.33333333
2025-04-03T21:30:00Z,59.799,72,22.22222222
2025-04-03T21:40:00Z,60.399,71.799,22.11055556
2025-04-03T21:50:00Z,60.2,71.799,22.11055556
2025-04-03T22:00:00Z,60.6,71.799,22.11055556
2025-04-03T22:10:00Z,60.799,72,22.22222222
2025-04-03T22:20:00Z,61.2,71.2,21.77777778
2025-04-03T22:30:00Z,61.6,71.2,21.77777778
2025-04-03T22:40:00Z,61.799,71.2,21.77777778
2025-04-03T22:50:00Z,61,72,22.22222222
2025-04-03T23:00:00Z,61,72,22.22222222
2025-04-03T23:10:00Z,61,71.4,21.88888889
2025-04-03T23:20:00Z,60.6,72,22.22222222
2025-04-03T23:30:00Z,60.399,72,22.22222222
2025-04-03T23:40:00Z,59.6,71.599,21.99944444
2025-04-03T23:50:00Z,59.6,71.4,21.88888889
2025-04-04T00:00:00Z,59.799,71.2,21.77777778
2025-04-04T00:10:00Z,60.2,71,21.66666667
2025-04-04T00:20:00Z,61,71,21.66666667
2025-04-04T00:30:00Z,61,70.4,21.33333333
2025-04-04T00:40:00Z,60.799,70,21.11111111
2025-04-04T00:50:00Z,61.2,69.799,20.99944444
2025-04-04T01:00:00Z,60.6,69.599,20.88833333
2025-04-04T01:10:00Z,60.799,69.2,20.66666667
2025-04-04T01:20:00Z,61.2,69.2,20.66666667
2025-04-04T01:30:00Z,61.2,69.4,20.77777778
2025-04-04T01:40:00Z,61.2,69,20.55555556
2025-04-04T01:50:00Z,60.2,68.599,20.33277778
2025-04-04T02:00:00Z,59.399,67.4,19.66666667
2025-04-04T02:10:00Z,58,66.599,19.22166667
2025-04-04T02:20:00Z,57,66,18.88888889
2025-04-04T02:30:00Z,57,65.2,18.44444444
2025-04-04T02:40:00Z,56.2,64.799,18.22166667
2025-04-04T02:50:00Z,57.6,64.2,17.88888889
2025-04-04T03:00:00Z,57.399,64.4,18
2025-04-04T03:10:00Z,58.2,63.799,17.66611111
2025-04-04T03:20:00Z,58,63.399,17.44388889
2025-04-04T03:30:00Z,57.799,63.2,17.33333333
2025-04-04T03:40:00Z,58,63.399,17.44388889
2025-04-04T03:50:00Z,58,62.799,17.11055556
2025-04-04T04:00:00Z,58.399,62.2,16.77777778
2025-04-04T04:10:00Z,58.399,62,16.66666667
2025-04-04T04:20:00Z,58,62,16.66666667
2025-04-04T04:30:00Z,59.2,61.799,16.555
2025-04-04T04:40:00Z,59,61.6,16.44444444
2025-04-04T04:50:00Z,59,61.399,16.33277778
2025-04-04T05:00:00Z,59.6,61,16.11111111
2025-04-04T05:10:00Z,59.399,61,16.11111111
2025-04-04T05:20:00Z,60,61,16.11111111
2025-04-04T05:30:00Z,60.2,61,16.11111111
2025-04-04T05:40:00Z,60,61,16.11111111
2025-04-04T05:50:00Z,60,61,16.11111111
2025-04-04T06:00:00Z,60.2,60.799,15.99944444
2025-04-04T06:10:00Z,61.2,60,15.55555556
2025-04-04T06:20:00Z,59.799,60.399,15.77722222
2025-04-04T06:30:00Z,60.6,60,15.55555556
2025-04-04T06:40:00Z,60.399,60,15.55555556
2025-04-04T06:50:00Z,59.6,60.2,15.66666667
2025-04-04T07:00:00Z,58.6,61,16.11111111
2025-04-04T07:10:00Z,59,60.399,15.77722222
2025-04-04T07:20:00Z,58.2,59.799,15.44388889
2025-04-04T07:30:00Z,58.399,60,15.55555556
2025-04-04T07:40:00Z,56.799,60.399,15.77722222
2025-04-04T07:50:00Z,56.6,60,15.55555556
2025-04-04T08:00:00Z,58.399,59.799,15.44388889
2025-04-04T08:10:00Z,58.399,59.6,15.33333333
2025-04-04T08:20:00Z,58.6,59.2,15.11111111
2025-04-04T08:30:00Z,58.399,59.399,15.22166667
2025-04-04T08:40:00Z,59.2,59.2,15.11111111
2025-04-04T08:50:00Z,57.6,59.799,15.44388889
2025-04-04T09:00:00Z,59.399,59,15
2025-04-04T09:10:00Z,59.6,59.2,15.11111111
2025-04-04T09:20:00Z,58.6,59,15
2025-04-04T09:30:00Z,59,59,15
2025-04-04T09:40:00Z,59.6,59,15
2025-04-04T09:50:00Z,60.2,59,15
2025-04-04T10:00:00Z,60,59,15
2025-04-04T10:10:00Z,58.799,59,15
2025-04-04T10:20:00Z,59.2,59.2,15.11111111
2025-04-04T10:30:00Z,59.2,59.2,15.11111111
2025-04-04T10:40:00Z,59,59.399,15.22166667
2025-04-04T10:50:00Z,58.2,60,15.55555556
2025-04-04T11:00:00Z,57.6,60,15.55555556
2025-04-04T11:10:00Z,59.6,60,15.55555556
2025-04-04T11:20:00Z,60,59.799,15.44388889
2025-04-04T11:30:00Z,59.799,60,15.55555556
2025-04-04T11:40:00Z,60,60,15.55555556
2025-04-04T11:50:00Z,59.2,60,15.55555556
2025-04-04T12:00:00Z,59.6,60,15.55555556
2025-04-04T12:10:00Z,60,60,15.55555556
2025-04-04T12:20:00Z,60,60,15.55555556
2025-04-04T12:30:00Z,60.2,60,15.55555556
2025-04-04T12:40:00Z,59.799,60,15.55555556
2025-04-04T12:50:00Z,60.2,60,15.55555556
2025-04-04T13:00:00Z,60,60.399,15.77722222
2025-04-04T13:10:00Z,60,60.399,15.77722222
2025-04-04T13:20:00Z,59.6,60.399,15.77722222
2025-04-04T13:30:00Z,59.6,60,15.55555556
2025-04-04T13:40:00Z,59.399,60.399,15.77722222
2025-04-04T13:50:00Z,59.6,60.399,15.77722222
2025-04-04T14:00:00Z,59,60.399,15.77722222
2025-04-04T14:10:00Z,58.399,60,15.55555556
2025-04-04T14:20:00Z,57.6,60,15.55555556
2025-04-04T14:30:00Z,56.2,60.2,15.66666667
2025-04-04T14:40:00Z,56.6,60.399,15.77722222
2025-04-04T14:50:00Z,56.799,60.6,15.88888889
2025-04-04T15:00:00Z,57,60.6,15.88888889
2025-04-04T15:10:00Z,56.799,60.6,15.88888889
2025-04-04T15:20:00Z,55.6,61,16.11111111
2025-04-04T15:30:00Z,53.799,61,16.11111111
2025-04-04T15:40:00Z,54,61,16.11111111
2025-04-04T15:50:00Z,54.2,61.399,16.33277778
2025-04-04T16:00:00Z,53.399,62,16.66666667
2025-04-04T16:10:00Z,53.799,62,16.66666667
2025-04-04T16:20:00Z,53.2,62.799,17.11055556
2025-04-04T16:30:00Z,52.399,63.399,17.44388889
2025-04-04T16:40:00Z,50.799,63.799,17.66611111
2025-04-04T16:50:00Z,50,64.2,17.88888889
2025-04-04T17:00:00Z,49.799,63.799,17.66611111
2025-04-04T17:10:00Z,46.6,64,17.77777778
2025-04-04T17:20:00Z,45.799,64.799,18.22166667
2025-04-04T17:30:00Z,44.399,64,17.77777778
2025-04-04T17:40:00Z,44.799,64.599,18.11055556
2025-04-04T17:50:00Z,44,65.2,18.44444444
2025-04-04T18:00:00Z,43.399,65,18.33333333
2025-04-04T18:10:00Z,42.799,65,18.33333333
2025-04-04T18:20:00Z,41.799,65.4,18.55555556
2025-04-04T18:30:00Z,41.2,65,18.33333333
2025-04-04T18:40:00Z,41.799,65,18.33333333
2025-04-04T18:50:00Z,41.2,65.2,18.44444444
2025-04-04T19:00:00Z,39.399,65.4,18.55555556
2025-04-04T19:10:00Z,39.2,65.599,18.66611111
2025-04-04T19:20:00Z,38.799,65.599,18.66611111
2025-04-04T19:30:00Z,39.399,65.2,18.44444444
2025-04-04T19:40:00Z,39.2,65.599,18.66611111
2025-04-04T19:50:00Z,39.799,65.2,18.44444444
2025-04-04T20:00:00Z,40.2,66,18.88888889
2025-04-04T20:10:00Z,40,65.799,18.77722222
2025-04-04T20:20:00Z,40.2,66,18.88888889
2025-04-04T20:30:00Z,40.2,65.799,18.77722222
2025-04-04T20:40:00Z,41,65.4,18.55555556
2025-04-04T20:50:00Z,41.2,66,18.88888889
2025-04-04T21:00:00Z,41,66,18.88888889
2025-04-04T21:10:00Z,41.399,66.2,19
2025-04-04T21:20:00Z,41.399,66,18.88888889
2025-04-04T21:30:00Z,41.6,66,18.88888889
2025-04-04T21:40:00Z,42.6,66,18.88888889
2025-04-04T21:50:00Z,41.6,66.2,19
2025-04-04T22:00:00Z,42.2,66,18.88888889
2025-04-04T22:10:00Z,42,66,18.88888889
2025-04-04T22:20:00Z,42.2,66,18.88888889
2025-04-04T22:30:00Z,42.399,66,18.88888889
2025-04-04T22:40:00Z,40.799,66,18.88888889
2025-04-04T22:50:00Z,41.2,65.2,18.44444444
2025-04-04T23:00:00Z,41.399,65.4,18.55555556
2025-04-04T23:10:00Z,41.799,65.599,18.66611111
2025-04-04T23:20:00Z,42.399,65.799,18.77722222
2025-04-04T23:30:00Z,42.2,65,18.33333333
2025-04-04T23:40:00Z,43.2,65,18.33333333
2025-04-04T23:50:00Z,44.399,64,17.77777778
2025-04-05T00:00:00Z,46.2,64,17.77777778
2025-04-05T00:10:00Z,47.399,63,17.22222222
2025-04-05T00:20:00Z,49.6,62.2,16.77777778
2025-04-05T00:30:00Z,51,63,17.22222222
2025-04-05T00:40:00Z,54.399,62.2,16.77777778
2025-04-05T00:50:00Z,54,61.6,16.44444444
2025-04-05T01:00:00Z,55.6,61.399,16.33277778
2025-04-05T01:10:00Z,56.6,60.399,15.77722222
2025-04-05T01:20:00Z,54.399,61.6,16.44444444
2025-04-05T01:30:00Z,55,61,16.11111111
2025-04-05T01:40:00Z,53.799,61.799,16.555
2025-04-05T01:50:00Z,54.6,61.399,16.33277778
2025-04-05T02:00:00Z,53.799,61.6,16.44444444
2025-04-05T02:10:00Z,53.2,62.6,17
2025-04-05T02:20:00Z,51.399,62.799,17.11055556
2025-04-05T02:30:00Z,51.799,62.399,16.88833333
2025-04-05T02:40:00Z,52,62.6,17
2025-04-05T02:50:00Z,54.2,61,16.11111111
2025-04-05T03:00:00Z,54.6,61.2,16.22222222
2025-04-05T03:10:00Z,55,61,16.11111111
2025-04-05T03:20:00Z,54,61.799,16.555
2025-04-05T03:30:00Z,55.399,60.799,15.99944444
2025-04-05T03:40:00Z,54.399,62,16.66666667
2025-04-05T03:50:00Z,54.2,61.6,16.44444444
2025-04-05T04:00:00Z,54.799,61.2,16.22222222
2025-04-05T04:10:00Z,54,61.799,16.555
2025-04-05T04:20:00Z,54.399,62,16.66666667
2025-04-05T04:30:00Z,53.399,62.799,17.11055556
2025-04-05T04:40:00Z,53.399,62.799,17.11055556
2025-04-05T04:50:00Z,54.2,62,16.66666667
2025-04-05T05:00:00Z,55,62,16.66666667
2025-04-05T05:10:00Z,56.399,61.6,16.44444444
2025-04-05T05:20:00Z,58.2,61,16.11111111
2025-04-05T05:30:00Z,59.2,61,16.11111111
2025-04-05T05:40:00Z,58.6,61.2,16.22222222
2025-04-05T05:50:00Z,58.6,61,16.11111111
2025-04-05T06:00:00Z,60,61,16.11111111
2025-04-05T06:10:00Z,61.2,61,16.11111111
2025-04-05T06:20:00Z,62,60.799,15.99944444
2025-04-05T06:30:00Z,62.799,60.799,15.99944444
2025-04-05T06:40:00Z,64.4,61.2,16.22222222
2025-04-05T06:50:00Z,63.399,62,16.66666667
2025-04-05T07:00:00Z,62.799,62.399,16.88833333
2025-04-05T07:10:00Z,67,61.399,16.33277778
2025-04-05T07:20:00Z,67.599,61.6,16.44444444
2025-04-05T07:30:00Z,66.2,62.2,16.77777778
2025-04-05T07:40:00Z,67,62.6,17
2025-04-05T07:50:00Z,67,62.799,17.11055556
2025-04-05T08:00:00Z,67.799,62.6,17
2025-04-05T08:10:00Z,67,63,17.22222222
2025-04-05T08:20:00Z,66.599,63,17.22222222
2025-04-05T08:30:00Z,65.4,63.799,17.66611111
2025-04-05T08:40:00Z,65.799,63.799,17.66611111
2025-04-05T08:50:00Z,66.4,63.6,17.55555556
2025-04-05T09:00:00Z,65.799,63.399,17.44388889
2025-04-05T09:10:00Z,67.799,62.399,16.88833333
2025-04-05T09:20:00Z,70.2,61.6,16.44444444
2025-04-05T09:30:00Z,69.2,61.799,16.555
2025-04-05T09:40:00Z,70.799,61.2,16.22222222
2025-04-05T09:50:00Z,69.799,62,16.66666667
2025-04-05T10:00:00Z,69.599,62.2,16.77777778
2025-04-05T10:10:00Z,67.599,63,17.22222222
2025-04-05T10:20:00Z,67.799,63.2,17.33333333
2025-04-05T10:30:00Z,67.799,62.799,17.11055556
2025-04-05T10:40:00Z,67.799,62.799,17.11055556
2025-04-05T10:50:00Z,67.799,62.799,17.11055556
2025-04-05T11:00:00Z,67.4,63.2,17.33333333
2025-04-05T11:10:00Z,66.799,63.799,17.66611111
2025-04-05T11:20:00Z,66.2,64.2,17.88888889
2025-04-05T11:30:00Z,66,64.4,18
2025-04-05T11:40:00Z,65.4,65,18.33333333
2025-04-05T11:50:00Z,65,65,18.33333333
2025-04-05T12:00:00Z,64.799,65,18.33333333
2025-04-05T12:10:00Z,64.799,65,18.33333333
2025-04-05T12:20:00Z,65,65.799,18.77722222
2025-04-05T12:30:00Z,65.4,65.2,18.44444444
2025-04-05T12:40:00Z,66.2,64.799,18.22166667
2025-04-05T12:50:00Z,66,65.4,18.55555556
2025-04-05T13:00:00Z,65,66,18.88888889
2025-04-05T13:10:00Z,65,66,18.88888889
2025-04-05T13:20:00Z,65,66.4,19.11111111
2025-04-05T13:30:00Z,66,67,19.44444444
2025-04-05T13:40:00Z,67.2,66.599,19.22166667
2025-04-05T13:50:00Z,66.4,67,19.44444444
2025-04-05T14:00:00Z,66.799,67.4,19.66666667
2025-04-05T14:10:00Z,67.2,68,20
2025-04-05T14:20:00Z,67.4,68.4,20.22222222
2025-04-05T14:30:00Z,66.799,68.799,20.44388889
2025-04-05T14:40:00Z,65.799,69,20.55555556
2025-04-05T14:50:00Z,65,69.2,20.66666667
2025-04-05T15:00:00Z,64.599,69.599,20.88833333
2025-04-05T15:10:00Z,64.799,70,21.11111111
2025-04-05T15:20:00Z,64.599,70.599,21.44388889
2025-04-05T15:30:00Z,64.4,70.599,21.44388889
2025-04-05T15:40:00Z,63.799,70.799,21.555
2025-04-05T15:50:00Z,62.799,71.599,21.99944444
2025-04-05T16:00:00Z,61,72.599,22.555
2025-04-05T16:10:00Z,59.799,73,22.77777778
2025-04-05T16:20:00Z,59.6,73,22.77777778
2025-04-05T16:30:00Z,58.399,73.4,23
2025-04-05T16:40:00Z,57.399,74,23.33333333
2025-04-05T16:50:00Z,55.799,74,23.33333333
2025-04-05T17:00:00Z,55,74,23.33333333
2025-04-05T17:10:00Z,54.2,74.2,23.44444444
2025-04-05T17:20:00Z,53.799,74.799,23.77722222
2025-04-05T17:30:00Z,51.799,75,23.88888889
2025-04-05T17:40:00Z,52,74.599,23.66611111
2025-04-05T17:50:00Z,52.2,75,23.88888889
2025-04-05T18:00:00Z,52.399,75.2,24
2025-04-05T18:10:00Z,51,75.599,24.22166667
2025-04-05T18:20:00Z,51,75.2,24
2025-04-05T18:30:00Z,50.399,75,23.88888889
2025-04-05T18:40:00Z,50.6,74.799,23.77722222
2025-04-05T18:50:00Z,51,74.2,23.44444444
2025-04-05T19:00:00Z,52.399,74.4,23.55555556
2025-04-05T19:10:00Z,52.399,74,23.33333333
2025-04-05T19:20:00Z,52,74,23.33333333
2025-04-05T19:30:00Z,53,74,23.33333333
2025-04-05T19:40:00Z,53.399,73.599,23.11055556
2025-04-05T19:50:00Z,53.6,74,23.33333333
2025-04-05T20:00:00Z,54.6,73.799,23.22166667
2025-04-05T20:10:00Z,54.2,73.599,23.11055556
2025-04-05T20:20:00Z,54.6,74,23.33333333
2025-04-05T20:30:00Z,54,74,23.33333333
2025-04-05T20:40:00Z,55,74,23.33333333
2025-04-05T20:50:00Z,54.799,74,23.33333333
2025-04-05T21:00:00Z,55.399,74,23.33333333
2025-04-05T21:10:00Z,56,73.2,22.88888889
2025-04-05T21:20:00Z,56,73.2,22.88888889
2025-04-05T21:30:00Z,56.399,73,22.77777778
2025-04-05T21:40:00Z,57.6,73,22.77777778
2025-04-05T21:50:00Z,57.799,72.599,22.555
2025-04-05T22:00:00Z,58.2,73,22.77777778
2025-04-05T22:10:00Z,58.2,73,22.77777778
2025-04-05T22:20:00Z,58,72.799,22.66611111
2025-04-05T22:30:00Z,59,72,22.22222222
2025-04-05T22:40:00Z,58.799,72.2,22.33333333
2025-04-05T22:50:00Z,59,72,22.22222222
2025-04-05T23:00:00Z,59.399,72,22.22222222
2025-04-05T23:10:00Z,60,72,22.22222222
2025-04-05T23:20:00Z,60.399,71.4,21.88888889
2025-04-05T23:30:00Z,61.399,71,21.66666667
2025-04-05T23:40:00Z,61.799,71,21.66666667
2025-04-05T23:50:00Z,63,71,21.66666667
2025-04-06T00:00:00Z,62.799,71,21.66666667
2025-04-06T00:10:00Z,62.2,71,21.66666667
2025-04-06T00:20:00Z,62,71,21.66666667
2025-04-06T00:30:00Z,62,71,21.66666667
2025-04-06T00:40:00Z,61.399,71,21.66666667
2025-04-06T00:50:00Z,61.2,71,21.66666667
2025-04-06T01:00:00Z,61,71,21.66666667
2025-04-06T01:10:00Z,61.6,71,21.66666667
2025-04-06T01:20:00Z,62.6,70,21.11111111
2025-04-06T01:30:00Z,63,70,21.11111111
2025-04-06T01:40:00Z,62.399,70.2,21.22222222
2025-04-06T01:50:00Z,62.2,70.2,21.22222222
2025-04-06T02:00:00Z,62.2,70,21.11111111
2025-04-06T02:10:00Z,60.399,69.4,20.77777778
2025-04-06T02:20:00Z,59.799,68.599,20.33277778
2025-04-06T02:30:00Z,59.2,67.799,19.88833333
2025-04-06T02:40:00Z,59,67.2,19.55555556
2025-04-06T02:50:00Z,58.799,67,19.44444444
2025-04-06T03:00:00Z,60,66.2,19
2025-04-06T03:10:00Z,59.399,66.2,19
2025-04-06T03:20:00Z,59.399,66,18.88888889
2025-04-06T03:30:00Z,58.6,65.799,18.77722222
2025-04-06T03:40:00Z,59.399,65,18.33333333
2025-04-06T03:50:00Z,58.6,65,18.33333333
2025-04-06T04:00:00Z,59.399,64.599,18.11055556
2025-04-06T04:10:00Z,59.6,64,17.77777778
2025-04-06T04:20:00Z,59.2,63.6,17.55555556
2025-04-06T04:30:00Z,59.2,63,17.22222222
2025-04-06T04:40:00Z,59.399,63,17.22222222
2025-04-06T04:50:00Z,59,62.6,17
2025-04-06T05:00:00Z,59,62.2,16.77777778
2025-04-06T05:10:00Z,59.6,62,16.66666667
2025-04-06T05:20:00Z,60,61.6,16.44444444
2025-04-06T05:30:00Z,59,61.6,16.44444444
2025-04-06T05:40:00Z,61,61,16.11111111
2025-04-06T05:50:00Z,61,61,16.11111111
2025-04-06T06:00:00Z,60.799,61,16.11111111
2025-04-06T06:10:00Z,60.6,60.799,15.99944444
2025-04-06T06:20:00Z,60.6,60.399,15.77722222
2025-04-06T06:30:00Z,59.399,60.6,15.88888889
2025-04-06T06:40:00Z,59.399,60,15.55555556
2025-04-06T06:50:00Z,58.399,59.6,15.33333333
2025-04-06T07:00:00Z,58.799,58.2,14.55555556
2025-04-06T07:10:00Z,58.2,57.6,14.22222222
2025-04-06T07:20:00Z,57.2,57.2,14
2025-04-06T07:30:00Z,57.799,56.2,13.44444444
2025-04-06T07:40:00Z,57.799,55.799,13.22166667
2025-04-06T07:50:00Z,57.399,55,12.77777778
2025-04-06T08:00:00Z,57.799,54.799,12.66611111
2025-04-06T08:10:00Z,57.799,55,12.77777778
2025-04-06T08:20:00Z,58,54.799,12.66611111
2025-04-06T08:30:00Z,57.799,54.6,12.55555556
2025-04-06T08:40:00Z,58.799,54,12.22222222
2025-04-06T08:50:00Z,58.6,54,12.22222222
2025-04-06T09:00:00Z,58.2,53.6,12
2025-04-06T09:10:00Z,58.6,53,11.66666667
2025-04-06T09:20:00Z,59.2,53,11.66666667
2025-04-06T09:30:00Z,58.799,53,11.66666667
2025-04-06T09:40:00Z,59.2,53,11.66666667
2025-04-06T09:50:00Z,59.2,53.2,11.77777778
2025-04-06T10:00:00Z,59.399,53,11.66666667
2025-04-06T10:10:00Z,60.2,53,11.66666667
2025-04-06T10:20:00Z,59.799,53,11.66666667
2025-04-06T10:30:00Z,59.799,53,11.66666667
2025-04-06T10:40:00Z,59.6,53,11.66666667
2025-04-06T10:50:00Z,60,53,11.66666667
2025-04-06T11:00:00Z,60.2,53,11.66666667
2025-04-06T11:10:00Z,60.799,52.399,11.33277778
2025-04-06T11:20:00Z,60.2,53,11.66666667
2025-04-06T11:30:00Z,60.399,53,11.66666667
2025-04-06T11:40:00Z,60.399,53,11.66666667
2025-04-06T11:50:00Z,60.2,53,11.66666667
2025-04-06T12:00:00Z,60.2,53,11.66666667
2025-04-06T12:10:00Z,60,53,11.66666667
2025-04-06T12:20:00Z,59.6,53,11.66666667
2025-04-06T12:30:00Z,60,52.399,11.33277778
2025-04-06T12:40:00Z,60,52,11.11111111
2025-04-06T12:50:00Z,60,52,11.11111111
2025-04-06T13:00:00Z,60.2,52.2,11.22222222
2025-04-06T13:10:00Z,60,52,11.11111111
2025-04-06T13:20:00Z,59.6,52,11.11111111
2025-04-06T13:30:00Z,59.2,52,11.11111111
2025-04-06T13:40:00Z,59.6,52,11.11111111
2025-04-06T13:50:00Z,59.399,51.799,10.99944444
2025-04-06T14:00:00Z,60,52,11.11111111
2025-04-06T14:10:00Z,58.799,52,11.11111111
2025-04-06T14:20:00Z,58.399,52,11.11111111
2025-04-06T14:30:00Z,59,52.2,11.22222222
2025-04-06T14:40:00Z,58,52.2,11.22222222
2025-04-06T14:50:00Z,57.399,52.399,11.33277778
2025-04-06T15:00:00Z,57,51.6,10.88888889
2025-04-06T15:10:00Z,56.399,50.799,10.44388889
2025-04-06T15:20:00Z,56.2,50.2,10.11111111
2025-04-06T15:30:00Z,56.799,50.799,10.44388889
2025-04-06T15:40:00Z,57.6,50.799,10.44388889
2025-04-06T15:50:00Z,56.799,50.799,10.44388889
2025-04-06T16:00:00Z,56.799,50.399,10.22166667
2025-04-06T16:10:00Z,57.2,51,10.55555556
2025-04-06T16:20:00Z,56,51,10.55555556
2025-04-06T16:30:00Z,55.2,51,10.55555556
2025-04-06T16:40:00Z,55,51.399,10.77722222
2025-04-06T16:50:00Z,54.399,51,10.55555556
2025-04-06T17:00:00Z,55,51,10.55555556
2025-04-06T17:10:00Z,54.2,50.799,10.44388889
2025-04-06T17:20:00Z,54.399,50,10
2025-04-06T17:30:00Z,54.6,50,10
2025-04-06T17:40:00Z,53.6,50,10
2025-04-06T17:50:00Z,53.2,50.399,10.22166667
2025-04-06T18:00:00Z,53,50.6,10.33333333
2025-04-06T18:10:00Z,52.399,50.2,10.11111111
2025-04-06T18:20:00Z,51.399,50.399,10.22166667
2025-04-06T18:30:00Z,50.6,50.799,10.44388889
2025-04-06T18:40:00Z,49.6,51,10.55555556
2025-04-06T18:50:00Z,47.799,51.2,10.66666667
2025-04-06T19:00:00Z,47.2,51.2,10.66666667
2025-04-06T19:10:00Z,46.6,51.2,10.66666667
2025-04-06T19:20:00Z,46.6,51.399,10.77722222
2025-04-06T19:30:00Z,45.6,51.2,10.66666667
2025-04-06T19:40:00Z,45.799,51,10.55555556
2025-04-06T19:50:00Z,45.2,51,10.55555556
2025-04-06T20:00:00Z,44.2,51,10.55555556
2025-04-06T20:10:00Z,43.6,51.399,10.77722222
2025-04-06T20:20:00Z,42,51.2,10.66666667
2025-04-06T20:30:00Z,41.799,51.399,10.77722222
2025-04-06T20:40:00Z,41,51.799,10.99944444
2025-04-06T20:50:00Z,40.399,51.2,10.66666667
2025-04-06T21:00:00Z,41.2,51.2,10.66666667
2025-04-06T21:10:00Z,40.399,51,10.55555556
2025-04-06T21:20:00Z,41.6,51,10.55555556
2025-04-06T21:30:00Z,42,51,10.55555556
2025-04-06T21:40:00Z,41.799,51,10.55555556
2025-04-06T21:50:00Z,40.399,51.2,10.66666667
2025-04-06T22:00:00Z,41,50.799,10.44388889
2025-04-06T22:10:00Z,41.399,51,10.55555556
2025-04-06T22:20:00Z,42.399,51,10.55555556
2025-04-06T22:30:00Z,44.6,50.6,10.33333333
2025-04-06T22:40:00Z,44.2,50.2,10.11111111
2025-04-06T22:50:00Z,43.799,50.2,10.11111111
2025-04-06T23:00:00Z,42.399,50.2,10.11111111
2025-04-06T23:10:00Z,43,50,10
2025-04-06T23:20:00Z,43.799,50,10
2025-04-06T23:30:00Z,44.6,50,10
2025-04-06T23:40:00Z,43.6,49.799,9.888333333
2025-04-06T23:50:00Z,43.799,50,10
2025-04-07T00:00:00Z,43.6,49.399,9.666111111
2025-04-07T00:10:00Z,44,49.2,9.555555556
2025-04-07T00:20:00Z,43.799,49,9.444444444
2025-04-07T00:30:00Z,43.6,49.399,9.666111111
2025-04-07T00:40:00Z,43.399,49,9.444444444
2025-04-07T00:50:00Z,42.6,49,9.444444444
2025-04-07T01:00:00Z,43,49,9.444444444
2025-04-07T01:10:00Z,42.6,49,9.444444444
2025-04-07T01:20:00Z,43,49,9.444444444
2025-04-07T01:30:00Z,42,49,9.444444444
2025-04-07T01:40:00Z,42.6,49,9.444444444
2025-04-07T01:50:00Z,42.799,49,9.444444444
2025-04-07T02:00:00Z,43.2,49,9.444444444
2025-04-07T02:10:00Z,43.399,49,9.444444444
2025-04-07T02:20:00Z,43.799,49,9.444444444
2025-04-07T02:30:00Z,44.2,48.799,9.332777778
2025-04-07T02:40:00Z,44,49,9.444444444
2025-04-07T02:50:00Z,44,49,9.444444444
2025-04-07T03:00:00Z,44,49,9.444444444
2025-04-07T03:10:00Z,44,48.6,9.222222222
2025-04-07T03:20:00Z,45.6,48.2,9
2025-04-07T03:30:00Z,46.6,48.2,9
2025-04-07T03:40:00Z,47.399,48,8.888888889
2025-04-07T03:50:00Z,47.6,48,8.888888889
2025-04-07T04:00:00Z,48.399,47.799,8.777222222
2025-04-07T04:10:00Z,49.399,47,8.333333333
2025-04-07T04:20:00Z,49.799,47,8.333333333
2025-04-07T04:30:00Z,49.799,47,8.333333333
2025-04-07T04:40:00Z,50.2,46.2,7.888888889
2025-04-07T04:50:00Z,50.399,46,7.777777778
2025-04-07T05:00:00Z,50,46.2,7.888888889
2025-04-07T05:10:00Z,50.2,46,7.777777778
2025-04-07T05:20:00Z,49.799,46,7.777777778
2025-04-07T05:30:00Z,49.399,46,7.777777778
2025-04-07T05:40:00Z,49.799,46,7.777777778
2025-04-07T05:50:00Z,51,45.6,7.555555556
2025-04-07T06:00:00Z,52.399,45.399,7.443888889
2025-04-07T06:10:00Z,52,45.6,7.555555556
2025-04-07T06:20:00Z,52.399,45.2,7.333333333
2025-04-07T06:30:00Z,52.6,45,7.222222222
2025-04-07T06:40:00Z,54.6,45,7.222222222
2025-04-07T06:50:00Z,54.6,45,7.222222222
2025-04-07T07:00:00Z,54.399,45,7.222222222
2025-04-07T07:10:00Z,53.2,44.799,7.110555556
2025-04-07T07:20:00Z,53.399,44,6.666666667
2025-04-07T07:30:00Z,54.399,44,6.666666667
2025-04-07T07:40:00Z,54.6,44,6.666666667
2025-04-07T07:50:00Z,54,44,6.666666667
2025-04-07T08:00:00Z,54.399,44,6.666666667
2025-04-07T08:10:00Z,54.2,44,6.666666667
2025-04-07T08:20:00Z,53.799,44,6.666666667
2025-04-07T08:30:00Z,54.2,43.799,6.555
2025-04-07T08:40:00Z,54.2,43.799,6.555
2025-04-07T08:50:00Z,54.6,44,6.666666667
2025-04-07T09:00:00Z,54.799,44,6.666666667
2025-04-07T09:10:00Z,53.799,44,6.666666667
2025-04-07T09:20:00Z,54,44,6.666666667
2025-04-07T09:30:00Z,54.6,44,6.666666667
2025-04-07T09:40:00Z,55.6,44,6.666666667
2025-04-07T09:50:00Z,55.2,44,6.666666667
2025-04-07T10:00:00Z,55.399,43.799,6.555
2025-04-07T10:10:00Z,54.399,44,6.666666667
2025-04-07T10:20:00Z,55,43.799,6.555
2025-04-07T10:30:00Z,55,43.799,6.555
2025-04-07T10:40:00Z,55,44,6.666666667
2025-04-07T10:50:00Z,55.399,44,6.666666667
2025-04-07T11:00:00Z,55,44,6.666666667
2025-04-07T11:10:00Z,55,43.799,6.555
2025-04-07T11:20:00Z,54.799,43.799,6.555
2025-04-07T11:30:00Z,54.799,44,6.666666667
2025-04-07T11:40:00Z,55.2,44,6.666666667
2025-04-07T11:50:00Z,55.399,44,6.666666667
2025-04-07T12:00:00Z,55.6,44.399,6.888333333
2025-04-07T12:10:00Z,55.799,44.799,7.110555556
2025-04-07T12:20:00Z,55.799,44.799,7.110555556
2025-04-07T12:30:00Z,55.399,45,7.222222222
2025-04-07T12:40:00Z,55.2,45,7.222222222
2025-04-07T12:50:00Z,55.6,45,7.222222222
2025-04-07T13:00:00Z,55.2,45,7.222222222
2025-04-07T13:10:00Z,54.6,45,7.222222222
2025-04-07T13:20:00Z,54.2,45.6,7.555555556
2025-04-07T13:30:00Z,54,46,7.777777778
2025-04-07T13:40:00Z,54,46,7.777777778
2025-04-07T13:50:00Z,53.399,46,7.777777778
2025-04-07T14:00:00Z,52.399,46.6,8.111111111
2025-04-07T14:10:00Z,52.6,47,8.333333333
2025-04-07T14:20:00Z,51.6,47.399,8.555
2025-04-07T14:30:00Z,50.799,47.799,8.777222222
2025-04-07T14:40:00Z,50.2,48.2,9
2025-04-07T14:50:00Z,49.2,48.799,9.332777778
2025-04-07T15:00:00Z,47.2,50,10
2025-04-07T15:10:00Z,44.399,53,11.66666667
2025-04-07T15:20:00Z,39.799,56.399,13.555
2025-04-07T15:30:00Z,38.799,56.6,13.66666667
2025-04-07T15:40:00Z,38.799,56.6,13.66666667
2025-04-07T15:50:00Z,38.799,56.799,13.77722222
2025-04-07T16:00:00Z,38.6,56.799,13.77722222
2025-04-07T16:10:00Z,39,55.799,13.22166667
2025-04-07T16:20:00Z,40,55.2,12.88888889
2025-04-07T16:30:00Z,40.399,55.399,12.99944444
2025-04-07T16:40:00Z,40,55,12.77777778
2025-04-07T16:50:00Z,40.799,54.799,12.66611111
2025-04-07T17:00:00Z,40,55.2,12.88888889
2025-04-07T17:10:00Z,40.799,55.2,12.88888889
2025-04-07T17:20:00Z,40.2,55.2,12.88888889
2025-04-07T17:30:00Z,39.799,55.799,13.22166667
2025-04-07T17:40:00Z,40.799,56.2,13.44444444
2025-04-07T17:50:00Z,40,57,13.88888889
2025-04-07T18:00:00Z,39,56.799,13.77722222
2025-04-07T18:10:00Z,38.2,57.2,14
2025-04-07T18:20:00Z,36,57.799,14.33277778
2025-04-07T18:30:00Z,35.2,58,14.44444444
2025-04-07T18:40:00Z,35,58,14.44444444
2025-04-07T18:50:00Z,36,58,14.44444444
2025-04-07T19:00:00Z,35.399,58.2,14.55555556
2025-04-07T19:10:00Z,34.6,58.399,14.66611111
2025-04-07T19:20:00Z,34,58.799,14.88833333
2025-04-07T19:30:00Z,33.399,58.6,14.77777778
2025-04-07T19:40:00Z,33.2,59,15
2025-04-07T19:50:00Z,32.6,59.399,15.22166667
2025-04-07T20:00:00Z,31.199,59.6,15.33333333
2025-04-07T20:10:00Z,30.399,59.399,15.22166667
2025-04-07T20:20:00Z,30.199,59.799,15.44388889
2025-04-07T20:30:00Z,30,59.6,15.33333333
2025-04-07T20:40:00Z,30,59.6,15.33333333
2025-04-07T20:50:00Z,29.399,59.399,15.22166667
2025-04-07T21:00:00Z,29.399,59.6,15.33333333
2025-04-07T21:10:00Z,29.199,60,15.55555556
2025-04-07T21:20:00Z,28.8,59.399,15.22166667
2025-04-07T21:30:00Z,28,59.399,15.22166667
2025-04-07T21:40:00Z,28,60,15.55555556
2025-04-07T21:50:00Z,28.399,60,15.55555556
2025-04-07T22:00:00Z,28.399,59.6,15.33333333
2025-04-07T22:10:00Z,29,60,15.55555556
2025-04-07T22:20:00Z,29,60,15.55555556
2025-04-07T22:30:00Z,29.199,59.2,15.11111111
2025-04-07T22:40:00Z,29.399,59,15
2025-04-07T22:50:00Z,29.399,59,15
2025-04-07T23:00:00Z,29.399,59,15
2025-04-07T23:10:00Z,29.6,58.799,14.88833333
2025-04-07T23:20:00Z,29.6,59,15
2025-04-07T23:30:00Z,30,59,15
2025-04-07T23:40:00Z,30.199,58.799,14.88833333
2025-04-07T23:50:00Z,26.8,58.6,14.77777778
2025-04-08T00:00:00Z,26,58.6,14.77777778
2025-04-08T00:10:00Z,26.8,58.2,14.55555556
2025-04-08T00:20:00Z,31,56.799,13.77722222
2025-04-08T00:30:00Z,38.399,54.399,12.44388889
2025-04-08T00:40:00Z,40.2,52.399,11.33277778
2025-04-08T00:50:00Z,41.2,51.6,10.88888889
2025-04-08T01:00:00Z,43.2,50.399,10.22166667
2025-04-08T01:10:00Z,43.6,48.399,9.110555556
2025-04-08T01:20:00Z,43.399,47.399,8.555
2025-04-08T01:30:00Z,41.799,46.6,8.111111111
2025-04-08T01:40:00Z,42,46.2,7.888888889
2025-04-08T01:50:00Z,44.2,45.799,7.666111111
2025-04-08T02:00:00Z,42.399,45.799,7.666111111
2025-04-08T02:10:00Z,41.399,44.6,7
2025-04-08T02:20:00Z,40,44.2,6.777777778
2025-04-08T02:30:00Z,39.2,44.2,6.777777778
2025-04-08T02:40:00Z,39,44.6,7
2025-04-08T02:50:00Z,38.799,44.399,6.888333333
2025-04-08T03:00:00Z,38,44.399,6.888333333
2025-04-08T03:10:00Z,38,43.399,6.332777778
2025-04-08T03:20:00Z,37.6,44,6.666666667
2025-04-08T03:30:00Z,36.799,43.2,6.222222222
2025-04-08T03:40:00Z,35.2,42.399,5.777222222
2025-04-08T03:50:00Z,35.399,42,5.555555556
2025-04-08T04:00:00Z,36,41.799,5.443888889
2025-04-08T04:10:00Z,36,41.2,5.111111111
2025-04-08T04:20:00Z,36.6,40.799,4.888333333
2025-04-08T04:30:00Z,37,40.399,4.666111111
2025-04-08T04:40:00Z,37,40.799,4.888333333
2025-04-08T04:50:00Z,37.2,41,5
2025-04-08T05:00:00Z,37.2,41,5
2025-04-08T05:10:00Z,37.2,41,5
2025-04-08T05:20:00Z,38,41,5
2025-04-08T05:30:00Z,38,41,5
2025-04-08T05:40:00Z,39,40.799,4.888333333
2025-04-08T05:50:00Z,39,40.799,4.888333333
2025-04-08T06:00:00Z,39,40.799,4.888333333
2025-04-08T06:10:00Z,38.6,41,5
2025-04-08T06:20:00Z,37,41,5
2025-04-08T06:30:00Z,36.799,41,5
2025-04-08T06:40:00Z,36.6,40.6,4.777777778
2025-04-08T06:50:00Z,37,40.799,4.888333333
2025-04-08T07:00:00Z,36.2,40.6,4.777777778
2025-04-08T07:10:00Z,36.399,40,4.444444444
2025-04-08T07:20:00Z,36,40,4.444444444
2025-04-08T07:30:00Z,36.2,40.2,4.555555556
2025-04-08T07:40:00Z,35.399,40,4.444444444
2025-04-08T07:50:00Z,35.6,40.399,4.666111111
2025-04-08T08:00:00Z,36,39.799,4.332777778
2025-04-08T08:10:00Z,36.799,39.6,4.222222222
2025-04-08T08:20:00Z,36.6,39.799,4.332777778
2025-04-08T08:30:00Z,37,39.399,4.110555556
2025-04-08T08:40:00Z,37,39.799,4.332777778
2025-04-08T08:50:00Z,37.399,40,4.444444444
2025-04-08T09:00:00Z,38.6,40,4.444444444
2025-04-08T09:10:00Z,39,39.6,4.222222222
2025-04-08T09:20:00Z,39.2,40,4.444444444
2025-04-08T09:30:00Z,39,40,4.444444444
2025-04-08T09:40:00Z,41.2,39.6,4.222222222
2025-04-08T09:50:00Z,45,39,3.888888889
2025-04-08T10:00:00Z,47.399,38.6,3.666666667
2025-04-08T10:10:00Z,49.799,38.399,3.555
2025-04-08T10:20:00Z,49.6,38.6,3.666666667
2025-04-08T10:30:00Z,48.799,38.2,3.444444444
2025-04-08T10:40:00Z,47.399,38,3.333333333
2025-04-08T10:50:00Z,44.799,38,3.333333333
2025-04-08T11:00:00Z,42.799,38,3.333333333
2025-04-08T11:10:00Z,41.2,38,3.333333333
2025-04-08T11:20:00Z,39.399,38,3.333333333
2025-04-08T11:30:00Z,36,39.6,4.222222222
2025-04-08T11:40:00Z,32.799,40.6,4.777777778
2025-04-08T11:50:00Z,33.399,39,3.888888889
2025-04-08T12:00:00Z,34.399,38.6,3.666666667
2025-04-08T12:10:00Z,34,41.399,5.221666667
2025-04-08T12:20:00Z,31.199,43.799,6.555
2025-04-08T12:30:00Z,31.199,42,5.555555556
2025-04-08T12:40:00Z,32.6,41.2,5.111111111
2025-04-08T12:50:00Z,34,40.2,4.555555556
2025-04-08T13:00:00Z,33.6,40.399,4.666111111
2025-04-08T13:10:00Z,32.2,41,5
2025-04-08T13:20:00Z,29.8,42.799,5.999444444
2025-04-08T13:30:00Z,28.199,43.6,6.444444444
2025-04-08T13:40:00Z,27.399,45,7.222222222
2025-04-08T13:50:00Z,26.399,44.799,7.110555556
2025-04-08T14:00:00Z,23.199,48,8.888888889
2025-04-08T14:10:00Z,23,46,7.777777778
2025-04-08T14:20:00Z,24.6,44.2,6.777777778
2025-04-08T14:30:00Z,25,45.6,7.555555556
2025-04-08T14:40:00Z,22.6,49.6,9.777777778
2025-04-08T14:50:00Z,20.8,51.6,10.88888889
2025-04-08T15:00:00Z,21,51.2,10.66666667
2025-04-08T15:10:00Z,21.199,49.399,9.666111111
2025-04-08T15:20:00Z,20.8,51.2,10.66666667
2025-04-08T15:30:00Z,21.399,49.6,9.777777778
2025-04-08T15:40:00Z,24.8,48.6,9.222222222
2025-04-08T15:50:00Z,23.8,48,8.888888889
2025-04-08T16:00:00Z,23.8,47,8.333333333
2025-04-08T16:10:00Z,24.8,46.2,7.888888889
2025-04-08T16:20:00Z,26.6,45.6,7.555555556
2025-04-08T16:30:00Z,26.199,45.6,7.555555556
2025-04-08T16:40:00Z,25.199,46,7.777777778
2025-04-08T16:50:00Z,25.6,46.2,7.888888889
2025-04-08T17:00:00Z,25.8,46,7.777777778
2025-04-08T17:10:00Z,25.199,46.2,7.888888889
2025-04-08T17:20:00Z,25.6,45.399,7.443888889
2025-04-08T17:30:00Z,25.199,46.2,7.888888889
2025-04-08T17:40:00Z,24.6,46.399,7.999444444
2025-04-08T17:50:00Z,25.399,46.6,8.111111111
2025-04-08T18:00:00Z,24.399,47.399,8.555
2025-04-08T18:10:00Z,24.199,47,8.333333333
2025-04-08T18:20:00Z,23.6,47,8.333333333
2025-04-08T18:30:00Z,23.199,47.399,8.555
2025-04-08T18:40:00Z,23.399,47,8.333333333
2025-04-08T18:50:00Z,23,47,8.333333333
2025-04-08T19:00:00Z,22.199,47.6,8.666666667
2025-04-08T19:10:00Z,23,47.399,8.555
2025-04-08T19:20:00Z,23,47.6,8.666666667
2025-04-08T19:30:00Z,23,48,8.888888889
2025-04-08T19:40:00Z,22,48,8.888888889
2025-04-08T19:50:00Z,21.8,47.799,8.777222222
2025-04-08T20:00:00Z,21.6,47.2,8.444444444
2025-04-08T20:10:00Z,21.399,47,8.333333333
2025-04-08T20:20:00Z,21.8,47.2,8.444444444
2025-04-08T20:30:00Z,21.399,47.2,8.444444444
2025-04-08T20:40:00Z,22,47,8.333333333
2025-04-08T20:50:00Z,22.199,46.799,8.221666667
2025-04-08T21:00:00Z,22.199,46.6,8.111111111
2025-04-08T21:10:00Z,22.6,46.799,8.221666667
2025-04-08T21:20:00Z,22,47,8.333333333
2025-04-08T21:30:00Z,21.6,47,8.333333333
2025-04-08T21:40:00Z,22,46.799,8.221666667
2025-04-08T21:50:00Z,22,46.799,8.221666667
2025-04-08T22:00:00Z,21.8,46.399,7.999444444
2025-04-08T22:10:00Z,21.8,46,7.777777778
2025-04-08T22:20:00Z,22,46.2,7.888888889
2025-04-08T22:30:00Z,21.399,45.6,7.555555556
2025-04-08T22:40:00Z,22,46,7.777777778
2025-04-08T22:50:00Z,22.399,46,7.777777778
2025-04-08T23:00:00Z,23,45.399,7.443888889
2025-04-08T23:10:00Z,22.399,45,7.222222222
2025-04-08T23:20:00Z,22.399,45.399,7.443888889
2025-04-08T23:30:00Z,23,45,7.222222222
2025-04-08T23:40:00Z,23,45,7.222222222
2025-04-08T23:50:00Z,23.199,45,7.222222222
2025-04-09T00:00:00Z,23.6,45,7.222222222
2025-04-09T00:10:00Z,24,45,7.222222222
2025-04-09T00:20:00Z,24,44.799,7.110555556
2025-04-09T00:30:00Z,24.199,44.6,7
2025-04-09T00:40:00Z,24.6,44.2,6.777777778
2025-04-09T00:50:00Z,24,44.2,6.777777778
2025-04-09T01:00:00Z,24.199,44,6.666666667
2025-04-09T01:10:00Z,24.199,43.799,6.555
2025-04-09T01:20:00Z,25.199,43.799,6.555
2025-04-09T01:30:00Z,25.75,43.25,6.25
2025-04-09T01:40:00Z,26.5,43,6.111111111
2025-04-09T01:50:00Z,27,43,6.111111111
2025-04-09T02:00:00Z,27,43,6.111111111
2025-04-09T02:10:00Z,27,43,6.111111111
2025-04-09T02:20:00Z,27.199,42.399,5.777222222
2025-04-09T02:30:00Z,27,42,5.555555556
2025-04-09T02:40:00Z,28.8,42,5.555555556
2025-04-09T02:50:00Z,29.6,42,5.555555556
2025-04-09T03:00:00Z,29.399,41.399,5.221666667
2025-04-09T03:10:00Z,30,41.799,5.443888889
2025-04-09T03:20:00Z,30.8,41,5
2025-04-09T03:30:00Z,31,41,5
2025-04-09T03:40:00Z,32,41,5
2025-04-09T03:50:00Z,32.2,41,5
2025-04-09T04:00:00Z,32.399,41,5
2025-04-09T04:10:00Z,32.399,40.799,4.888333333
2025-04-09T04:20:00Z,32,41,5
2025-04-09T04:30:00Z,31.8,41,5
2025-04-09T04:40:00Z,31,40.799,4.888333333
2025-04-09T04:50:00Z,30.6,41,5
2025-04-09T05:00:00Z,32,40.6,4.777777778
2025-04-09T05:10:00Z,33,41,5
2025-04-09T05:20:00Z,33.799,40.799,4.888333333
2025-04-09T05:30:00Z,34.6,40.2,4.555555556
2025-04-09T05:40:00Z,35,40,4.444444444
2025-04-09T05:50:00Z,34.2,40.2,4.555555556
2025-04-09T06:00:00Z,32.2,41,5
2025-04-09T06:10:00Z,31.6,40.399,4.666111111
2025-04-09T06:20:00Z,33,40.2,4.555555556
2025-04-09T06:30:00Z,33.2,40,4.444444444
2025-04-09T06:40:00Z,33.399,40,4.444444444
2025-04-09T06:50:00Z,34.2,40,4.444444444
2025-04-09T07:00:00Z,34.6,40,4.444444444
2025-04-09T07:10:00Z,34.399,40,4.444444444
2025-04-09T07:20:00Z,34.799,40,4.444444444
2025-04-09T07:30:00Z,35.799,40,4.444444444
2025-04-09T07:40:00Z,36.799,39.799,4.332777778
2025-04-09T07:50:00Z,38.6,39,3.888888889
2025-04-09T08:00:00Z,38.6,39,3.888888889
2025-04-09T08:10:00Z,38.399,39.2,4
2025-04-09T08:20:00Z,39.399,39,3.888888889
2025-04-09T08:30:00Z,39.2,39.399,4.110555556
2025-04-09T08:40:00Z,40.2,39.2,4
2025-04-09T08:50:00Z,41.2,39,3.888888889
2025-04-09T09:00:00Z,42.6,39,3.888888889
2025-04-09T09:10:00Z,43,38.399,3.555
2025-04-09T09:20:00Z,43.399,38,3.333333333
2025-04-09T09:30:00Z,43.399,38,3.333333333
2025-04-09T09:40:00Z,42.399,38,3.333333333
2025-04-09T09:50:00Z,41,38,3.333333333
2025-04-09T10:00:00Z,42.2,38,3.333333333
2025-04-09T10:10:00Z,44.2,38.399,3.555
2025-04-09T10:20:00Z,43.2,38.6,3.666666667
2025-04-09T10:30:00Z,44.799,38,3.333333333
2025-04-09T10:40:00Z,45,37.799,3.221666667
2025-04-09T10:50:00Z,45,37.2,2.888888889
2025-04-09T11:00:00Z,45.799,38,3.333333333
2025-04-09T11:10:00Z,45.799,38,3.333333333
2025-04-09T11:20:00Z,45.399,38.2,3.444444444
2025-04-09T11:30:00Z,43,40.2,4.555555556
2025-04-09T11:40:00Z,38.6,44.2,6.777777778
2025-04-09T11:50:00Z,33,48.399,9.110555556
2025-04-09T12:00:00Z,28.6,52,11.11111111
2025-04-09T12:10:00Z,25.199,53.799,12.11055556
2025-04-09T12:20:00Z,23,55.6,13.11111111
2025-04-09T12:30:00Z,23,56,13.33333333
2025-04-09T12:40:00Z,22.399,57.399,14.11055556
2025-04-09T12:50:00Z,21,58.6,14.77777778
2025-04-09T13:00:00Z,20,59.799,15.44388889
2025-04-09T13:10:00Z,20,60.2,15.66666667
2025-04-09T13:20:00Z,19,61.2,16.22222222
2025-04-09T13:30:00Z,18.199,62,16.66666667
2025-04-09T13:40:00Z,16.8,64.2,17.88888889
2025-04-09T13:50:00Z,17,64.4,18
2025-04-09T14:00:00Z,15.199,65.2,18.44444444
2025-04-09T14:10:00Z,15.4,66.2,19
2025-04-09T14:20:00Z,14.4,67.4,19.66666667
2025-04-09T14:30:00Z,14,67.799,19.88833333
2025-04-09T14:40:00Z,13.4,67.4,19.66666667
2025-04-09T14:50:00Z,13,67.4,19.66666667
2025-04-09T15:00:00Z,13.199,66.2,19
2025-04-09T15:10:00Z,13.599,66.599,19.22166667
2025-04-09T15:20:00Z,13.4,66.4,19.11111111
2025-04-09T15:30:00Z,13.8,66.799,19.33277778
2025-04-09T15:40:00Z,14.199,63.399,17.44388889
2025-04-09T15:50:00Z,15.199,60.799,15.99944444
2025-04-09T16:00:00Z,15.8,59.2,15.11111111
2025-04-09T16:10:00Z,16.8,57.2,14
2025-04-09T16:20:00Z,17.399,56.6,13.66666667
2025-04-09T16:30:00Z,17.399,55.799,13.22166667
2025-04-09T16:40:00Z,17.399,55.6,13.11111111
2025-04-09T16:50:00Z,18,56,13.33333333
2025-04-09T17:00:00Z,18,55.399,12.99944444
2025-04-09T17:10:00Z,17.199,56,13.33333333
2025-04-09T17:20:00Z,17,55.399,12.99944444
2025-04-09T17:30:00Z,17,55.6,13.11111111
2025-04-09T17:40:00Z,17.199,56,13.33333333
2025-04-09T17:50:00Z,17,56,13.33333333
2025-04-09T18:00:00Z,17.6,56,13.33333333
2025-04-09T18:10:00Z,18,56.399,13.555
2025-04-09T18:20:00Z,17.199,56,13.33333333
2025-04-09T18:30:00Z,17,56.399,13.555
2025-04-09T18:40:00Z,17,57,13.88888889
2025-04-09T18:50:00Z,17,57.399,14.11055556
2025-04-09T19:00:00Z,17.399,57.2,14
2025-04-09T19:10:00Z,17.8,56.399,13.555
2025-04-09T19:20:00Z,17.8,57.399,14.11055556
2025-04-09T19:30:00Z,17.6,57.799,14.33277778
2025-04-09T19:40:00Z,17.8,57.6,14.22222222
2025-04-09T19:50:00Z,18,57.6,14.22222222
2025-04-09T20:00:00Z,17.399,58.2,14.55555556
2025-04-09T20:10:00Z,16.399,58.2,14.55555556
2025-04-09T20:20:00Z,17,58,14.44444444
2025-04-09T20:30:00Z,17.199,58.2,14.55555556
2025-04-09T20:40:00Z,17,58.6,14.77777778
2025-04-09T20:50:00Z,16.8,58.6,14.77777778
2025-04-09T21:00:00Z,17,58.799,14.88833333
2025-04-09T21:10:00Z,16.6,58.799,14.88833333
2025-04-09T21:20:00Z,17,58.799,14.88833333
2025-04-09T21:30:00Z,16.6,59,15
2025-04-09T21:40:00Z,17,59,15
2025-04-09T21:50:00Z,17,58.399,14.66611111
2025-04-09T22:00:00Z,16.6,58,14.44444444
2025-04-09T22:10:00Z,17.399,58,14.44444444
2025-04-09T22:20:00Z,17.6,58,14.44444444
2025-04-09T22:30:00Z,17,58,14.44444444
2025-04-09T22:40:00Z,17,57.799,14.33277778
2025-04-09T22:50:00Z,17,57.399,14.11055556
2025-04-09T23:00:00Z,17.6,57.399,14.11055556
2025-04-09T23:10:00Z,18.199,57.2,14
2025-04-09T23:20:00Z,19.199,57,13.88888889
2025-04-09T23:30:00Z,19.399,57,13.88888889
2025-04-09T23:40:00Z,19.6,57,13.88888889
2025-04-09T23:50:00Z,20.399,57,13.88888889
2025-04-10T00:00:00Z,19.6,57,13.88888889
2025-04-10T00:10:00Z,19.6,56.799,13.77722222
2025-04-10T00:20:00Z,20.199,57,13.88888889
2025-04-10T00:30:00Z,20.6,56.799,13.77722222
2025-04-10T00:40:00Z,20.6,56.6,13.66666667
2025-04-10T00:50:00Z,21.399,56,13.33333333
2025-04-10T01:00:00Z,20.8,56.399,13.555
2025-04-10T01:10:00Z,20,56.399,13.555
2025-04-10T01:20:00Z,20.199,56.6,13.66666667
2025-04-10T01:30:00Z,20.199,56.799,13.77722222
2025-04-10T01:40:00Z,21,56,13.33333333
2025-04-10T01:50:00Z,21.8,55.799,13.22166667
2025-04-10T02:00:00Z,22.399,55.799,13.22166667
2025-04-10T02:10:00Z,23,56,13.33333333
2025-04-10T02:20:00Z,22.399,55.799,13.22166667
2025-04-10T02:30:00Z,22.6,55.6,13.11111111
2025-04-10T02:40:00Z,24.6,54.6,12.55555556
2025-04-10T02:50:00Z,25.8,55,12.77777778
2025-04-10T03:00:00Z,26.399,54.399,12.44388889
2025-04-10T03:10:00Z,27.6,53.799,12.11055556
2025-04-10T03:20:00Z,29,53.2,11.77777778
2025-04-10T03:30:00Z,30,53.399,11.88833333
2025-04-10T03:40:00Z,30.6,53,11.66666667
2025-04-10T03:50:00Z,32,53.2,11.77777778
2025-04-10T04:00:00Z,33.399,53,11.66666667
2025-04-10T04:10:00Z,33.799,53,11.66666667
2025-04-10T04:20:00Z,35.2,52.399,11.33277778
2025-04-10T04:30:00Z,35.399,52,11.11111111
2025-04-10T04:40:00Z,38,51.799,10.99944444
2025-04-10T04:50:00Z,39.6,51.2,10.66666667
2025-04-10T05:00:00Z,40.399,51.2,10.66666667
2025-04-10T05:10:00Z,43.399,50.399,10.22166667
2025-04-10T05:20:00Z,44.2,50.799,10.44388889
2025-04-10T05:30:00Z,45,51,10.55555556
2025-04-10T05:40:00Z,45.399,50.6,10.33333333
2025-04-10T05:50:00Z,47.399,49.6,9.777777778
2025-04-10T06:00:00Z,48.799,49.2,9.555555556
2025-04-10T06:10:00Z,50.399,48.2,9
2025-04-10T06:20:00Z,50.799,48.6,9.222222222
2025-04-10T06:30:00Z,50.2,48.799,9.332777778
2025-04-10T06:40:00Z,51.799,48,8.888888889
2025-04-10T06:50:00Z,52.399,47.399,8.555
2025-04-10T07:00:00Z,52.6,47.399,8.555
2025-04-10T07:10:00Z,52,47.5,8.611111111
2025-04-10T07:20:00Z,52,47.6,8.666666667
2025-04-10T07:30:00Z,52.799,47.2,8.444444444
2025-04-10T07:40:00Z,52.6,48,8.888888889
2025-04-10T07:50:00Z,52.2,48.6,9.222222222
2025-04-10T08:00:00Z,52,49.399,9.666111111
2025-04-10T08:10:00Z,51.799,49.399,9.666111111
2025-04-10T08:20:00Z,51,50,10
2025-04-10T08:30:00Z,50.6,49.399,9.666111111
2025-04-10T08:40:00Z,52,48.6,9.222222222
2025-04-10T08:50:00Z,53.799,48,8.888888889
2025-04-10T09:00:00Z,53.399,48.2,9
2025-04-10T09:10:00Z,55.399,47.399,8.555
2025-04-10T09:20:00Z,57.6,46.2,7.888888889
2025-04-10T09:30:00Z,58.6,46.2,7.888888889
2025-04-10T09:40:00Z,58.399,46.6,8.111111111
2025-04-10T09:50:00Z,58,46.799,8.221666667
2025-04-10T10:00:00Z,58,47,8.333333333
2025-04-10T10:10:00Z,58.799,47.2,8.444444444
2025-04-10T10:20:00Z,58.799,47.799,8.777222222
2025-04-10T10:30:00Z,60.2,47,8.333333333
2025-04-10T10:40:00Z,60.6,47.399,8.555
2025-04-10T10:50:00Z,61.2,47.399,8.555
2025-04-10T11:00:00Z,62.399,47,8.333333333
2025-04-10T11:10:00Z,62.399,47,8.333333333
2025-04-10T11:20:00Z,63.399,47,8.333333333
2025-04-10T11:30:00Z,63.6,46.399,7.999444444
2025-04-10T11:40:00Z,64.4,46.799,8.221666667
2025-04-10T11:50:00Z,63.2,47.399,8.555
2025-04-10T12:00:00Z,62.6,47.399,8.555
2025-04-10T12:10:00Z,62,48.2,9
2025-04-10T12:20:00Z,62,47.6,8.666666667
2025-04-10T12:30:00Z,62.6,47.399,8.555
2025-04-10T12:40:00Z,64.2,47.2,8.444444444
2025-04-10T12:50:00Z,63.799,47.6,8.666666667
2025-04-10T13:00:00Z,63,48,8.888888889
2025-04-10T13:10:00Z,63,47.799,8.777222222
2025-04-10T13:20:00Z,62.6,48.399,9.110555556
2025-04-10T13:30:00Z,63,48.6,9.222222222
2025-04-10T13:40:00Z,62,49.6,9.777777778
2025-04-10T13:50:00Z,61.6,49.799,9.888333333
2025-04-10T14:00:00Z,62,50,10
2025-04-10T14:10:00Z,62.399,50,10
2025-04-10T14:20:00Z,62.2,50.6,10.33333333
2025-04-10T14:30:00Z,62.2,51,10.55555556
2025-04-10T14:40:00Z,61.799,51,10.55555556
2025-04-10T14:50:00Z,61.6,51,10.55555556
2025-04-10T15:00:00Z,61.75,51.5,10.83333333
2025-04-10T15:10:00Z,62,52,11.11111111
2025-04-10T15:20:00Z,62.2,52,11.11111111
2025-04-10T15:30:00Z,62.799,51.799,10.99944444
2025-04-10T15:40:00Z,63.6,51.6,10.88888889
2025-04-10T15:50:00Z,64.2,51.799,10.99944444
2025-04-10T16:00:00Z,64.599,52,11.11111111
2025-04-10T16:10:00Z,64.2,51.799,10.99944444
2025-04-10T16:20:00Z,65,52.2,11.22222222
2025-04-10T16:30:00Z,64.799,52.399,11.33277778
2025-04-10T16:40:00Z,65.2,52.6,11.44444444
2025-04-10T16:50:00Z,64.599,53,11.66666667
2025-04-10T17:00:00Z,64.599,53,11.66666667
2025-04-10T17:10:00Z,64.4,53,11.66666667
2025-04-10T17:20:00Z,65,53,11.66666667
2025-04-10T17:30:00Z,64.599,53.799,12.11055556
2025-04-10T17:40:00Z,63.799,54,12.22222222
2025-04-10T17:50:00Z,63.799,54,12.22222222
2025-04-10T18:00:00Z,64,54,12.22222222
2025-04-10T18:10:00Z,63.6,54,12.22222222
2025-04-10T18:20:00Z,64.599,53.6,12
2025-04-10T18:30:00Z,64.4,54,12.22222222
2025-04-10T18:40:00Z,64.2,53.799,12.11055556
2025-04-10T18:50:00Z,63.6,54,12.22222222
2025-04-10T19:00:00Z,63,55,12.77777778
2025-04-10T19:10:00Z,63,54.799,12.66611111
2025-04-10T19:20:00Z,62.6,55,12.77777778
2025-04-10T19:30:00Z,61.799,55.6,13.11111111
2025-04-10T19:40:00Z,62,55.6,13.11111111
2025-04-10T19:50:00Z,62.799,55.6,13.11111111
2025-04-10T20:00:00Z,61.6,56,13.33333333
2025-04-10T20:10:00Z,62,55.6,13.11111111
2025-04-10T20:20:00Z,61.6,55.399,12.99944444
2025-04-10T20:30:00Z,60.799,56,13.33333333
2025-04-10T20:40:00Z,61,56,13.33333333
2025-04-10T20:50:00Z,60.2,56,13.33333333
2025-04-10T21:00:00Z,60.6,56,13.33333333
2025-04-10T21:10:00Z,60,56,13.33333333
2025-04-10T21:20:00Z,60,56,13.33333333
2025-04-10T21:30:00Z,59.399,56.399,13.555
2025-04-10T21:40:00Z,59.6,56.2,13.44444444
2025-04-10T21:50:00Z,59.799,56,13.33333333
2025-04-10T22:00:00Z,60.399,55.799,13.22166667
2025-04-10T22:10:00Z,61.6,55.2,12.88888889
2025-04-10T22:20:00Z,61,56,13.33333333
2025-04-10T22:30:00Z,61.2,56,13.33333333
2025-04-10T22:40:00Z,61,56,13.33333333
2025-04-10T22:50:00Z,60.399,56.399,13.555
2025-04-10T23:00:00Z,60.2,56.799,13.77722222
2025-04-10T23:10:00Z,59.799,57,13.88888889
2025-04-10T23:20:00Z,59.6,57,13.88888889
2025-04-10T23:30:00Z,59,57,13.88888889
2025-04-10T23:40:00Z,58.6,57.2,14
2025-04-10T23:50:00Z,58.799,57,13.88888889
2025-04-11T00:00:00Z,59,57,13.88888889
2025-04-11T00:10:00Z,59,57,13.88888889
2025-04-11T00:20:00Z,59.799,57,13.88888889
2025-04-11T00:30:00Z,59.399,56.799,13.77722222
2025-04-11T00:40:00Z,59,57,13.88888889
2025-04-11T00:50:00Z,60,56.6,13.66666667
2025-04-11T01:00:00Z,59.6,57,13.88888889
2025-04-11T01:10:00Z,59.6,57,13.88888889
2025-04-11T01:20:00Z,60,56.6,13.66666667
2025-04-11T01:30:00Z,60,56.399,13.555
2025-04-11T01:40:00Z,60.2,56,13.33333333
2025-04-11T01:50:00Z,60,56.2,13.44444444
2025-04-11T02:00:00Z,60.6,56,13.33333333
2025-04-11T02:10:00Z,61.2,56,13.33333333
2025-04-11T02:20:00Z,61.399,56,13.33333333
2025-04-11T02:30:00Z,61,56,13.33333333
2025-04-11T02:40:00Z,61.799,55.6,13.11111111
2025-04-11T02:50:00Z,61.799,55.799,13.22166667
2025-04-11T03:00:00Z,61,56,13.33333333
2025-04-11T03:10:00Z,60.399,56,13.33333333
2025-04-11T03:20:00Z,61.2,56,13.33333333
2025-04-11T03:30:00Z,60.399,56.2,13.44444444
2025-04-11T03:40:00Z,59.399,56.399,13.555
2025-04-11T03:50:00Z,59.399,56,13.33333333
2025-04-11T04:00:00Z,59,56,13.33333333
2025-04-11T04:10:00Z,57.799,56.2,13.44444444
2025-04-11T04:20:00Z,57.799,56,13.33333333
2025-04-11T04:30:00Z,57.799,56,13.33333333
2025-04-11T04:40:00Z,57.399,55.799,13.22166667
2025-04-11T04:50:00Z,57.6,56,13.33333333
2025-04-11T05:00:00Z,57.399,55.6,13.11111111
2025-04-11T05:10:00Z,57.799,55.399,12.99944444
2025-04-11T05:20:00Z,56.799,55.2,12.88888889
2025-04-11T05:30:00Z,57,55,12.77777778
2025-04-11T05:40:00Z,56.399,55,12.77777778
2025-04-11T05:50:00Z,55.799,54.6,12.55555556
2025-04-11T06:00:00Z,56.399,54.799,12.66611111
2025-04-11T06:10:00Z,55.799,54.399,12.44388889
2025-04-11T06:20:00Z,56,54.2,12.33333333
2025-04-11T06:30:00Z,56.799,54,12.22222222
2025-04-11T06:40:00Z,55.799,53.399,11.88833333
2025-04-11T06:50:00Z,56.6,52.799,11.555
2025-04-11T07:00:00Z,56.399,52.399,11.33277778
2025-04-11T07:10:00Z,55.6,52,11.11111111
2025-04-11T07:20:00Z,55,52,11.11111111
2025-04-11T07:30:00Z,54.399,51.799,10.99944444
2025-04-11T07:40:00Z,54,52,11.11111111
2025-04-11T07:50:00Z,54.2,51.399,10.77722222
2025-04-11T08:00:00Z,54,51.799,10.99944444
2025-04-11T08:10:00Z,54.399,51.6,10.88888889
2025-04-11T08:20:00Z,54.6,51,10.55555556
2025-04-11T08:30:00Z,55.399,50.799,10.44388889
2025-04-11T08:40:00Z,55.6,51.2,10.66666667
2025-04-11T08:50:00Z,56.2,50.6,10.33333333
2025-04-11T09:00:00Z,55.799,50.799,10.44388889
2025-04-11T09:10:00Z,55.6,51,10.55555556
2025-04-11T09:20:00Z,56,50.399,10.22166667
2025-04-11T09:30:00Z,55,50,10
2025-04-11T09:40:00Z,55.2,50,10
2025-04-11T09:50:00Z,54.799,50,10
2025-04-11T10:00:00Z,54.399,50,10
2025-04-11T10:10:00Z,55,49.2,9.555555556
2025-04-11T10:20:00Z,55.6,49,9.444444444
2025-04-11T10:30:00Z,55.2,48.799,9.332777778
2025-04-11T10:40:00Z,54.2,49,9.444444444
2025-04-11T10:50:00Z,55.399,49,9.444444444
2025-04-11T11:00:00Z,55.399,48.2,9
2025-04-11T11:10:00Z,55.399,48.399,9.110555556
2025-04-11T11:20:00Z,55.399,48.399,9.110555556
2025-04-11T11:30:00Z,55.2,48,8.888888889
2025-04-11T11:40:00Z,55.6,48.2,9
2025-04-11T11:50:00Z,56,48,8.888888889
2025-04-11T12:00:00Z,55.799,47.799,8.777222222
2025-04-11T12:10:00Z,55.399,48,8.888888889
2025-04-11T12:20:00Z,55.399,48,8.888888889
2025-04-11T12:30:00Z,54.399,48,8.888888889
2025-04-11T12:40:00Z,53.6,48.2,9
2025-04-11T12:50:00Z,53.399,48.6,9.222222222
2025-04-11T13:00:00Z,53,48.799,9.332777778
2025-04-11T13:10:00Z,52,48.799,9.332777778
2025-04-11T13:20:00Z,52.2,49,9.444444444
2025-04-11T13:30:00Z,52,48.6,9.222222222
2025-04-11T13:40:00Z,51.799,48.799,9.332777778
2025-04-11T13:50:00Z,51.6,49,9.444444444
2025-04-11T14:00:00Z,51.2,49,9.444444444
2025-04-11T14:10:00Z,51.799,49.399,9.666111111
2025-04-11T14:20:00Z,51.2,49.399,9.666111111
2025-04-11T14:30:00Z,51.2,49.799,9.888333333
2025-04-11T14:40:00Z,50.799,50,10
2025-04-11T14:50:00Z,50.399,50.2,10.11111111
2025-04-11T15:00:00Z,49.399,50.2,10.11111111
2025-04-11T15:10:00Z,49.6,50.799,10.44388889
2025-04-11T15:20:00Z,49.2,51,10.55555556
2025-04-11T15:30:00Z,48.6,51,10.55555556
2025-04-11T15:40:00Z,49,50.6,10.33333333
2025-04-11T15:50:00Z,49.399,50.6,10.33333333
2025-04-11T16:00:00Z,49.399,50.6,10.33333333
2025-04-11T16:10:00Z,49.2,50.799,10.44388889
2025-04-11T16:20:00Z,49.399,50.799,10.44388889
2025-04-11T16:30:00Z,48.799,51,10.55555556
2025-04-11T16:40:00Z,48.6,50.6,10.33333333
2025-04-11T16:50:00Z,48.399,51,10.55555556
2025-04-11T17:00:00Z,47.799,50.799,10.44388889
2025-04-11T17:10:00Z,48,51,10.55555556
2025-04-11T17:20:00Z,47.6,51.399,10.77722222
2025-04-11T17:30:00Z,47,52,11.11111111
2025-04-11T17:40:00Z,47.2,52,11.11111111
2025-04-11T17:50:00Z,46,52.399,11.33277778
2025-04-11T18:00:00Z,45.399,52.799,11.555
2025-04-11T18:10:00Z,45.399,52.6,11.44444444
2025-04-11T18:20:00Z,45.799,52.799,11.555
2025-04-11T18:30:00Z,45.2,53,11.66666667
2025-04-11T18:40:00Z,45.2,53,11.66666667
2025-04-11T18:50:00Z,45.2,53.2,11.77777778
2025-04-11T19:00:00Z,45.2,53.799,12.11055556
2025-04-11T19:10:00Z,45,53.2,11.77777778
2025-04-11T19:20:00Z,44.2,54.2,12.33333333
2025-04-11T19:30:00Z,44.799,53.799,12.11055556
2025-04-11T19:40:00Z,44.399,54,12.22222222
2025-04-11T19:50:00Z,44,53.799,12.11055556
2025-04-11T20:00:00Z,44.2,54,12.22222222
2025-04-11T20:10:00Z,44,54,12.22222222
2025-04-11T20:20:00Z,44.2,54,12.22222222
2025-04-11T20:30:00Z,44.6,53.6,12
2025-04-11T20:40:00Z,46,53.2,11.77777778
2025-04-11T20:50:00Z,45.399,53.399,11.88833333
2025-04-11T21:00:00Z,45.6,53.6,12
2025-04-11T21:10:00Z,45.399,54,12.22222222
2025-04-11T21:20:00Z,44.399,54,12.22222222
2025-04-11T21:30:00Z,44.799,53.799,12.11055556
2025-04-11T21:40:00Z,44.6,53.799,12.11055556
2025-04-11T21:50:00Z,45,53.2,11.77777778
2025-04-11T22:00:00Z,44.6,53.6,12
2025-04-11T22:10:00Z,45.2,53,11.66666667
2025-04-11T22:20:00Z,45.799,53,11.66666667
2025-04-11T22:30:00Z,45.399,52.799,11.555
2025-04-11T22:40:00Z,45.2,53,11.66666667
2025-04-11T22:50:00Z,44.799,52.6,11.44444444
2025-04-11T23:00:00Z,44.6,53,11.66666667
2025-04-11T23:10:00Z,44.6,52.6,11.44444444
2025-04-11T23:20:00Z,44.6,53,11.66666667
2025-04-11T23:30:00Z,45,52.399,11.33277778
2025-04-11T23:40:00Z,45.799,52,11.11111111
2025-04-11T23:50:00Z,45.6,52,11.11111111
2025-04-12T00:00:00Z,46,52,11.11111111
2025-04-12T00:10:00Z,46.2,52,11.11111111
2025-04-12T00:20:00Z,46.2,51.6,10.88888889
2025-04-12T00:30:00Z,47.2,51,10.55555556
2025-04-12T00:40:00Z,47.799,51,10.55555556
2025-04-12T00:50:00Z,47.6,51,10.55555556
2025-04-12T01:00:00Z,47.799,51,10.55555556
2025-04-12T01:10:00Z,48.2,51,10.55555556
2025-04-12T01:20:00Z,48.2,51,10.55555556
2025-04-12T01:30:00Z,48.2,50.399,10.22166667
2025-04-12T01:40:00Z,47.799,51,10.55555556
2025-04-12T01:50:00Z,48.799,50.399,10.22166667
2025-04-12T02:00:00Z,48.6,50.6,10.33333333
2025-04-12T02:10:00Z,49,50,10
2025-04-12T02:20:00Z,49,50,10
2025-04-12T02:30:00Z,49.2,50.2,10.11111111
2025-04-12T02:40:00Z,49.399,50,10
2025-04-12T02:50:00Z,49.799,50,10
2025-04-12T03:00:00Z,49.6,50,10
2025-04-12T03:10:00Z,49,50,10
2025-04-12T03:20:00Z,49.2,50,10
2025-04-12T03:30:00Z,49.399,50,10
2025-04-12T03:40:00Z,49.2,50,10
2025-04-12T03:50:00Z,49.2,49.6,9.777777778
2025-04-12T04:00:00Z,49.399,49.799,9.888333333
2025-04-12T04:10:00Z,49.2,50,10
2025-04-12T04:20:00Z,49.6,49.6,9.777777778
2025-04-12T04:30:00Z,49.2,49.6,9.777777778
2025-04-12T04:40:00Z,49.2,49.2,9.555555556
2025-04-12T04:50:00Z,48.799,50,10
2025-04-12T05:00:00Z,49.399,49.6,9.777777778
2025-04-12T05:10:00Z,49.2,49.6,9.777777778
2025-04-12T05:20:00Z,49.799,49.399,9.666111111
2025-04-12T05:30:00Z,49.6,49.2,9.555555556
2025-04-12T05:40:00Z,49.399,49.399,9.666111111
2025-04-12T05:50:00Z,49.399,49.2,9.555555556
2025-04-12T06:00:00Z,49.2,49.2,9.555555556
2025-04-12T06:10:00Z,49.399,49.2,9.555555556
2025-04-12T06:20:00Z,50,49,9.444444444
2025-04-12T06:30:00Z,49.399,49.2,9.555555556
2025-04-12T06:40:00Z,49,49,9.444444444
2025-04-12T06:50:00Z,49.399,49,9.444444444
2025-04-12T07:00:00Z,49.2,49,9.444444444
2025-04-12T07:10:00Z,49.399,49.2,9.555555556
2025-04-12T07:20:00Z,50,49,9.444444444
2025-04-12T07:30:00Z,49.6,49,9.444444444
2025-04-12T07:40:00Z,49.799,49,9.444444444
2025-04-12T07:50:00Z,49.6,49.2,9.555555556
2025-04-12T08:00:00Z,49.6,49,9.444444444
2025-04-12T08:10:00Z,49.799,48.799,9.332777778
2025-04-12T08:20:00Z,50,49,9.444444444
2025-04-12T08:30:00Z,49.799,48.799,9.332777778
2025-04-12T08:40:00Z,50.2,48.6,9.222222222
2025-04-12T08:50:00Z,49.799,49,9.444444444
2025-04-12T09:00:00Z,50,48.799,9.332777778
2025-04-12T09:10:00Z,50.2,48.6,9.222222222
2025-04-12T09:20:00Z,50.399,48.6,9.222222222
2025-04-12T09:30:00Z,50.2,48.6,9.222222222
2025-04-12T09:40:00Z,50.2,48.6,9.222222222
2025-04-12T09:50:00Z,49.6,49,9.444444444
2025-04-12T10:00:00Z,50.399,49,9.444444444
2025-04-12T10:10:00Z,50.399,49,9.444444444
2025-04-12T10:20:00Z,50.2,48.799,9.332777778
2025-04-12T10:30:00Z,50.2,49,9.444444444
2025-04-12T10:40:00Z,50.6,48.799,9.332777778
2025-04-12T10:50:00Z,50.2,49,9.444444444
2025-04-12T11:00:00Z,51,49,9.444444444
2025-04-12T11:10:00Z,51.2,48.799,9.332777778
2025-04-12T11:20:00Z,50.799,49.2,9.555555556
2025-04-12T11:30:00Z,50.6,49,9.444444444
2025-04-12T11:40:00Z,50.799,49,9.444444444
2025-04-12T11:50:00Z,50.6,49,9.444444444
2025-04-12T12:00:00Z,50,49,9.444444444
2025-04-12T12:10:00Z,50.399,49,9.444444444
2025-04-12T12:20:00Z,50.6,49,9.444444444
2025-04-12T12:30:00Z,50.799,49,9.444444444
2025-04-12T12:40:00Z,51,49.2,9.555555556
2025-04-12T12:50:00Z,50.399,49,9.444444444
2025-04-12T13:00:00Z,50.799,49,9.444444444
2025-04-12T13:10:00Z,50.2,49,9.444444444
2025-04-12T13:20:00Z,50.6,49.2,9.555555556
2025-04-12T13:30:00Z,50,49.799,9.888333333
2025-04-12T13:40:00Z,50.399,50,10
2025-04-12T13:50:00Z,50,50,10
2025-04-12T14:00:00Z,49,50,10
2025-04-12T14:10:00Z,48.799,50.2,10.11111111
2025-04-12T14:20:00Z,49,50.2,10.11111111
2025-04-12T14:30:00Z,49,50,10
2025-04-12T14:40:00Z,48.799,50.2,10.11111111
2025-04-12T14:50:00Z,48,50.399,10.22166667
2025-04-12T15:00:00Z,48,50.799,10.44388889
2025-04-12T15:10:00Z,47.6,51,10.55555556
2025-04-12T15:20:00Z,47.399,51,10.55555556
2025-04-12T15:30:00Z,46.799,51,10.55555556
2025-04-12T15:40:00Z,47.399,51,10.55555556
2025-04-12T15:50:00Z,46.399,51,10.55555556
2025-04-12T16:00:00Z,46.799,51,10.55555556
2025-04-12T16:10:00Z,46.6,51.6,10.88888889
2025-04-12T16:20:00Z,45.799,52,11.11111111
2025-04-12T16:30:00Z,46,52.6,11.44444444
2025-04-12T16:40:00Z,45.2,53,11.66666667
2025-04-12T16:50:00Z,45,53,11.66666667
2025-04-12T17:00:00Z,45,52.6,11.44444444
2025-04-12T17:10:00Z,45,53.2,11.77777778
2025-04-12T17:20:00Z,44.399,53.399,11.88833333
2025-04-12T17:30:00Z,44.6,53.2,11.77777778
2025-04-12T17:40:00Z,44.2,53.6,12
2025-04-12T17:50:00Z,44.399,53.399,11.88833333
2025-04-12T18:00:00Z,45,53.6,12
2025-04-12T18:10:00Z,45,53.799,12.11055556
2025-04-12T18:20:00Z,44.799,54,12.22222222
2025-04-12T18:30:00Z,44.399,53.799,12.11055556
2025-04-12T18:40:00Z,44.6,54,12.22222222
2025-04-12T18:50:00Z,44.399,54,12.22222222
2025-04-12T19:00:00Z,44.799,54,12.22222222
2025-04-12T19:10:00Z,43.799,54.799,12.66611111
2025-04-12T19:20:00Z,43.2,55.399,12.99944444
2025-04-12T19:30:00Z,42.399,55.6,13.11111111
2025-04-12T19:40:00Z,42,56,13.33333333
2025-04-12T19:50:00Z,41.799,56,13.33333333
2025-04-12T20:00:00Z,41.399,56,13.33333333
2025-04-12T20:10:00Z,41,55.6,13.11111111
2025-04-12T20:20:00Z,41.2,55.6,13.11111111
2025-04-12T20:30:00Z,41,55.2,12.88888889
2025-04-12T20:40:00Z,41.399,55.2,12.88888889
2025-04-12T20:50:00Z,41.399,55.2,12.88888889
2025-04-12T21:00:00Z,40.799,55.799,13.22166667
2025-04-12T21:10:00Z,39.399,56,13.33333333
2025-04-12T21:20:00Z,39.2,55.799,13.22166667
2025-04-12T21:30:00Z,40,55.799,13.22166667
2025-04-12T21:40:00Z,39.6,55.799,13.22166667
2025-04-12T21:50:00Z,40,55.6,13.11111111
2025-04-12T22:00:00Z,40.2,55,12.77777778
2025-04-12T22:10:00Z,40,55.2,12.88888889
2025-04-12T22:20:00Z,39.6,55.799,13.22166667
2025-04-12T22:30:00Z,39.2,55.2,12.88888889
2025-04-12T22:40:00Z,39.799,55,12.77777778
2025-04-12T22:50:00Z,39.799,54.6,12.55555556
2025-04-12T23:00:00Z,40.799,54.799,12.66611111
2025-04-12T23:10:00Z,40.6,54.6,12.55555556
2025-04-12T23:20:00Z,41.2,54,12.22222222
2025-04-12T23:30:00Z,42,54,12.22222222
2025-04-12T23:40:00Z,42.6,53.799,12.11055556
2025-04-12T23:50:00Z,42.799,53.799,12.11055556
2025-04-13T00:00:00Z,43,53.2,11.77777778
2025-04-13T00:10:00Z,42.799,53.2,11.77777778
2025-04-13T00:20:00Z,43.6,53,11.66666667
2025-04-13T00:30:00Z,43.399,52.6,11.44444444
2025-04-13T00:40:00Z,44.2,52,11.11111111
2025-04-13T00:50:00Z,45,52,11.11111111
2025-04-13T01:00:00Z,44.399,52.799,11.555
2025-04-13T01:10:00Z,44.399,52.2,11.22222222
2025-04-13T01:20:00Z,44,52.2,11.22222222
2025-04-13T01:30:00Z,43.6,52.2,11.22222222
2025-04-13T01:40:00Z,44,51.6,10.88888889
2025-04-13T01:50:00Z,44.6,51,10.55555556
2025-04-13T02:00:00Z,45.2,51,10.55555556
2025-04-13T02:10:00Z,45.399,50.2,10.11111111
2025-04-13T02:20:00Z,46,50,10
2025-04-13T02:30:00Z,46,50,10
2025-04-13T02:40:00Z,46.2,49.799,9.888333333
2025-04-13T02:50:00Z,46.6,49,9.444444444
2025-04-13T03:00:00Z,47.2,49,9.444444444
2025-04-13T03:10:00Z,46.799,49,9.444444444
2025-04-13T03:20:00Z,47.799,48.6,9.222222222
2025-04-13T03:30:00Z,48,48,8.888888889
2025-04-13T03:40:00Z,48.6,48,8.888888889
2025-04-13T03:50:00Z,49,48,8.888888889
2025-04-13T04:00:00Z,48.799,48,8.888888889
2025-04-13T04:10:00Z,48.799,47.799,8.777222222
2025-04-13T04:20:00Z,49.2,47.799,8.777222222
2025-04-13T04:30:00Z,50,47,8.333333333
2025-04-13T04:40:00Z,49.6,48,8.888888889
2025-04-13T04:50:00Z,50,47.2,8.444444444
2025-04-13T05:00:00Z,50.799,47,8.333333333
2025-04-13T05:10:00Z,51.399,46.6,8.111111111
2025-04-13T05:20:00Z,52,46.799,8.221666667
2025-04-13T05:30:00Z,52,46.799,8.221666667
2025-04-13T05:40:00Z,52,46.6,8.111111111
2025-04-13T05:50:00Z,52,46,7.777777778
2025-04-13T06:00:00Z,51.799,46.2,7.888888889
2025-04-13T06:10:00Z,52.6,46,7.777777778
2025-04-13T06:20:00Z,52.799,46,7.777777778
2025-04-13T06:30:00Z,52.799,46,7.777777778
2025-04-13T06:40:00Z,53.2,45.399,7.443888889
2025-04-13T06:50:00Z,53.399,45.2,7.333333333
2025-04-13T07:00:00Z,54,45,7.222222222
2025-04-13T07:10:00Z,53.799,45.2,7.333333333
2025-04-13T07:20:00Z,53.6,45.2,7.333333333
2025-04-13T07:30:00Z,53.6,45,7.222222222
2025-04-13T07:40:00Z,54,45,7.222222222
2025-04-13T07:50:00Z,54,45,7.222222222
2025-04-13T08:00:00Z,54,44.799,7.110555556
2025-04-13T08:10:00Z,54,44,6.666666667
2025-04-13T08:20:00Z,54,44.2,6.777777778
2025-04-13T08:30:00Z,54.799,44,6.666666667
2025-04-13T08:40:00Z,54.399,44,6.666666667
2025-04-13T08:50:00Z,54.6,44,6.666666667
2025-04-13T09:00:00Z,55,44,6.666666667
2025-04-13T09:10:00Z,54.799,44,6.666666667
2025-04-13T09:20:00Z,54.799,44,6.666666667
2025-04-13T09:30:00Z,55,44,6.666666667
2025-04-13T09:40:00Z,55,43.799,6.555
2025-04-13T09:50:00Z,55,43,6.111111111
2025-04-13T10:00:00Z,55.399,43,6.111111111
2025-04-13T10:10:00Z,55.6,43.6,6.444444444
2025-04-13T10:20:00Z,55.399,43.799,6.555
2025-04-13T10:30:00Z,56,43,6.111111111
2025-04-13T10:40:00Z,56,43,6.111111111
2025-04-13T10:50:00Z,56,43.6,6.444444444
2025-04-13T11:00:00Z,56,44,6.666666667
2025-04-13T11:10:00Z,56.6,44,6.666666667
2025-04-13T11:20:00Z,56.399,44.2,6.777777778
2025-04-13T11:30:00Z,55.2,44.799,7.110555556
2025-04-13T11:40:00Z,52.2,47.399,8.555
2025-04-13T11:50:00Z,49.799,49.2,9.555555556
2025-04-13T12:00:00Z,49,49.2,9.555555556
2025-04-13T12:10:00Z,47,51.399,10.77722222
2025-04-13T12:20:00Z,43.399,53.799,12.11055556
2025-04-13T12:30:00Z,40.2,57.799,14.33277778
2025-04-13T12:40:00Z,35.399,61,16.11111111
2025-04-13T12:50:00Z,32.2,63.399,17.44388889
2025-04-13T13:00:00Z,30,66,18.88888889
2025-04-13T13:10:00Z,28.8,66.599,19.22166667
2025-04-13T13:20:00Z,27,69,20.55555556
2025-04-13T13:30:00Z,26.399,68.799,20.44388889
2025-04-13T13:40:00Z,25,70.4,21.33333333
2025-04-13T13:50:00Z,23.8,71.2,21.77777778
2025-04-13T14:00:00Z,23,72.4,22.44444444
2025-04-13T14:10:00Z,21.199,74.799,23.77722222
2025-04-13T14:20:00Z,20.399,75.599,24.22166667
2025-04-13T14:30:00Z,19.399,77.2,25.11111111
2025-04-13T14:40:00Z,19,76.799,24.88833333
2025-04-13T14:50:00Z,18.6,76.799,24.88833333
2025-04-13T15:00:00Z,17.8,77.4,25.22222222
2025-04-13T15:10:00Z,17.399,77,25
2025-04-13T15:20:00Z,17.6,77,25
2025-04-13T15:30:00Z,18,75.599,24.22166667
2025-04-13T15:40:00Z,19.399,71.799,22.11055556
2025-04-13T15:50:00Z,20.199,70,21.11111111
2025-04-13T16:00:00Z,21.399,67.4,19.66666667
2025-04-13T16:10:00Z,22.399,67,19.44444444
2025-04-13T16:20:00Z,22,66.2,19
2025-04-13T16:30:00Z,21.8,65.4,18.55555556
2025-04-13T16:40:00Z,22.199,65,18.33333333
2025-04-13T16:50:00Z,22,64.799,18.22166667
2025-04-13T17:00:00Z,22.199,64.599,18.11055556
2025-04-13T17:10:00Z,22.199,65,18.33333333
2025-04-13T17:20:00Z,22.199,65,18.33333333
2025-04-13T17:30:00Z,22,65,18.33333333
2025-04-13T17:40:00Z,21.8,65,18.33333333
2025-04-13T17:50:00Z,21.199,64.799,18.22166667
2025-04-13T18:00:00Z,21,65,18.33333333
2025-04-13T18:10:00Z,20.6,65,18.33333333
2025-04-13T18:20:00Z,20.199,64.799,18.22166667
2025-04-13T18:30:00Z,21,65,18.33333333
2025-04-13T18:40:00Z,20.6,65.2,18.44444444
2025-04-13T18:50:00Z,20.8,65.4,18.55555556
2025-04-13T19:00:00Z,20.199,65.4,18.55555556
2025-04-13T19:10:00Z,20.399,65,18.33333333
2025-04-13T19:20:00Z,19.6,65.2,18.44444444
2025-04-13T19:30:00Z,19.6,65.599,18.66611111
2025-04-13T19:40:00Z,19.199,66,18.88888889
2025-04-13T19:50:00Z,19.199,66.599,19.22166667
2025-04-13T20:00:00Z,19.199,67,19.44444444
2025-04-13T20:10:00Z,18.8,67,19.44444444
2025-04-13T20:20:00Z,19,67,19.44444444
2025-04-13T20:30:00Z,19,67,19.44444444
2025-04-13T20:40:00Z,19.199,67.2,19.55555556
2025-04-13T20:50:00Z,19,67,19.44444444
2025-04-13T21:00:00Z,19.199,67,19.44444444
2025-04-13T21:10:00Z,19,67,19.44444444
2025-04-13T21:20:00Z,19,67.2,19.55555556
2025-04-13T21:30:00Z,18.8,67.4,19.66666667
2025-04-13T21:40:00Z,18.399,67.599,19.77722222
2025-04-13T21:50:00Z,19,67,19.44444444
2025-04-13T22:00:00Z,19.199,67,19.44444444
2025-04-13T22:10:00Z,19,67,19.44444444
2025-04-13T22:20:00Z,19.8,66.4,19.11111111
2025-04-13T22:30:00Z,20,66.799,19.33277778
2025-04-13T22:40:00Z,20.399,66.599,19.22166667
2025-04-13T22:50:00Z,20.6,66,18.88888889
2025-04-13T23:00:00Z,20.8,66,18.88888889
2025-04-13T23:10:00Z,20,66,18.88888889
2025-04-13T23:20:00Z,19.6,66,18.88888889
2025-04-13T23:30:00Z,20.199,66,18.88888889
2025-04-13T23:40:00Z,21.399,65.599,18.66611111
2025-04-13T23:50:00Z,22.8,65.2,18.44444444
2025-04-14T00:00:00Z,23,65,18.33333333
2025-04-14T00:10:00Z,23.199,64.599,18.11055556
2025-04-14T00:20:00Z,23.6,64,17.77777778
2025-04-14T00:30:00Z,24.399,64,17.77777778
2025-04-14T00:40:00Z,24.199,63.6,17.55555556
2025-04-14T00:50:00Z,25,63,17.22222222
2025-04-14T01:00:00Z,25,63,17.22222222
2025-04-14T01:10:00Z,25.6,63,17.22222222
2025-04-14T01:20:00Z,25.199,63,17.22222222
2025-04-14T01:30:00Z,26.6,62.2,16.77777778
2025-04-14T01:40:00Z,26.399,62,16.66666667
2025-04-14T01:50:00Z,26.6,62,16.66666667
2025-04-14T02:00:00Z,26.399,62,16.66666667
2025-04-14T02:10:00Z,25.6,62,16.66666667
2025-04-14T02:20:00Z,26,62,16.66666667
2025-04-14T02:30:00Z,26,62,16.66666667
2025-04-14T02:40:00Z,26.399,62,16.66666667
2025-04-14T02:50:00Z,26.6,62,16.66666667
2025-04-14T03:00:00Z,26.6,62.2,16.77777778
2025-04-14T03:10:00Z,26,62.6,17
2025-04-14T03:20:00Z,27.399,61.799,16.555
2025-04-14T03:30:00Z,27.6,61,16.11111111
2025-04-14T03:40:00Z,27.8,61.799,16.555
2025-04-14T03:50:00Z,27.8,62,16.66666667
2025-04-14T04:00:00Z,27,62,16.66666667
2025-04-14T04:10:00Z,27.6,62,16.66666667
2025-04-14T04:20:00Z,33.799,61,16.11111111
2025-04-14T04:30:00Z,34.399,60,15.55555556
2025-04-14T04:40:00Z,33.799,60.6,15.88888889
2025-04-14T04:50:00Z,32.2,61,16.11111111
2025-04-14T05:00:00Z,32,60.399,15.77722222
2025-04-14T05:10:00Z,33.399,60.6,15.88888889
2025-04-14T05:20:00Z,36.2,60.2,15.66666667
2025-04-14T05:30:00Z,35.6,59.6,15.33333333
2025-04-14T05:40:00Z,35.2,59.2,15.11111111
2025-04-14T05:50:00Z,34.6,59.799,15.44388889
2025-04-14T06:00:00Z,34.399,60.2,15.66666667
2025-04-14T06:10:00Z,35.2,60.6,15.88888889
2025-04-14T06:20:00Z,36.2,60.399,15.77722222
2025-04-14T06:30:00Z,36.399,60,15.55555556
2025-04-14T06:40:00Z,37.6,58,14.44444444
2025-04-14T06:50:00Z,38.2,58,14.44444444
2025-04-14T07:00:00Z,38.799,57.6,14.22222222
2025-04-14T07:10:00Z,39.6,57.799,14.33277778
2025-04-14T07:20:00Z,39.799,57.799,14.33277778
2025-04-14T07:30:00Z,39.2,57.399,14.11055556
2025-04-14T07:40:00Z,39,58,14.44444444
2025-04-14T07:50:00Z,38.799,57.6,14.22222222
2025-04-14T08:00:00Z,39.2,57.799,14.33277778
2025-04-14T08:10:00Z,39.399,57,13.88888889
2025-04-14T08:20:00Z,39.799,57,13.88888889
2025-04-14T08:30:00Z,40.2,57,13.88888889
2025-04-14T08:40:00Z,39.799,56.799,13.77722222
2025-04-14T08:50:00Z,39.6,57.6,14.22222222
2025-04-14T09:00:00Z,39.6,57.6,14.22222222
2025-04-14T09:10:00Z,39.799,57.2,14
2025-04-14T09:20:00Z,39.399,57.2,14
2025-04-14T09:30:00Z,39.399,57.2,14
2025-04-14T09:40:00Z,39,57,13.88888889
2025-04-14T09:50:00Z,39.2,56.399,13.555
2025-04-14T10:00:00Z,39.2,56.799,13.77722222
2025-04-14T10:10:00Z,39,56.6,13.66666667
2025-04-14T10:20:00Z,39,56.799,13.77722222
2025-04-14T10:30:00Z,39,57,13.88888889
2025-04-14T10:40:00Z,38.399,57.2,14
2025-04-14T10:50:00Z,38.2,57,13.88888889
2025-04-14T11:00:00Z,38.6,57,13.88888889
2025-04-14T11:10:00Z,38.2,57.399,14.11055556
2025-04-14T11:20:00Z,37.6,58.2,14.55555556
2025-04-14T11:30:00Z,36.799,58.799,14.88833333
2025-04-14T11:40:00Z,35.799,58.799,14.88833333
2025-04-14T11:50:00Z,36,59,15
2025-04-14T12:00:00Z,35.799,58.799,14.88833333
2025-04-14T12:10:00Z,34.6,59.799,15.44388889
2025-04-14T12:20:00Z,34,60.399,15.77722222
2025-04-14T12:30:00Z,33.2,61,16.11111111
2025-04-14T12:40:00Z,32.2,61.799,16.555
2025-04-14T12:50:00Z,31.8,62,16.66666667
2025-04-14T13:00:00Z,31.199,62.799,17.11055556
2025-04-14T13:10:00Z,30.8,63.2,17.33333333
2025-04-14T13:20:00Z,29.8,65,18.33333333
2025-04-14T13:30:00Z,29,66.2,19
2025-04-14T13:40:00Z,28.199,67,19.44444444
2025-04-14T13:50:00Z,27.8,68.4,20.22222222
2025-04-14T14:00:00Z,26.199,69.2,20.66666667
2025-04-14T14:10:00Z,24.399,73,22.77777778
2025-04-14T14:20:00Z,22.199,77.2,25.11111111
2025-04-14T14:30:00Z,21.6,77.4,25.22222222
2025-04-14T14:40:00Z,22,78.2,25.66666667
2025-04-14T14:50:00Z,22,78.799,25.99944444
2025-04-14T15:00:00Z,23.399,77.4,25.22222222
2025-04-14T15:10:00Z,24.6,76.2,24.55555556
2025-04-14T15:20:00Z,25.8,75.2,24
2025-04-14T15:30:00Z,26,76,24.44444444
2025-04-14T15:40:00Z,27,75.799,24.33277778
2025-04-14T15:50:00Z,27,75.799,24.33277778
2025-04-14T16:00:00Z,27,76,24.44444444
2025-04-14T16:10:00Z,27.199,76.2,24.55555556
2025-04-14T16:20:00Z,27.6,76.2,24.55555556
2025-04-14T16:30:00Z,27.6,76,24.44444444
2025-04-14T16:40:00Z,28,76,24.44444444
2025-04-14T16:50:00Z,28.399,76,24.44444444
2025-04-14T17:00:00Z,28.8,75.599,24.22166667
2025-04-14T17:10:00Z,29,76,24.44444444
2025-04-14T17:20:00Z,29.199,76,24.44444444
2025-04-14T17:30:00Z,29,76.2,24.55555556
2025-04-14T17:40:00Z,28.8,76.799,24.88833333
2025-04-14T17:50:00Z,29,76.599,24.77722222
2025-04-14T18:00:00Z,28.8,77.2,25.11111111
2025-04-14T18:10:00Z,29,77.2,25.11111111
2025-04-14T18:20:00Z,29,78,25.55555556
2025-04-14T18:30:00Z,29.6,77.599,25.33277778
2025-04-14T18:40:00Z,29.8,78.2,25.66666667
2025-04-14T18:50:00Z,30.8,78,25.55555556
2025-04-14T19:00:00Z,31,78,25.55555556
2025-04-14T19:10:00Z,30.8,78,25.55555556
2025-04-14T19:20:00Z,30.6,78.4,25.77777778
2025-04-14T19:30:00Z,30.8,79,26.11111111
2025-04-14T19:40:00Z,30.399,79,26.11111111
2025-04-14T19:50:00Z,30.6,79.2,26.22222222
2025-04-14T20:00:00Z,30.8,79.2,26.22222222
2025-04-14T20:10:00Z,30.8,79.4,26.33333333
2025-04-14T20:20:00Z,31,79.599,26.44388889
2025-04-14T20:30:00Z,31,79.4,26.33333333
2025-04-14T20:40:00Z,30.8,79.4,26.33333333
2025-04-14T20:50:00Z,30.6,80,26.66666667
2025-04-14T21:00:00Z,31,79.799,26.555
2025-04-14T21:10:00Z,31,79,26.11111111
2025-04-14T21:20:00Z,31.8,79.2,26.22222222
2025-04-14T21:30:00Z,31.8,79,26.11111111
2025-04-14T21:40:00Z,32,79,26.11111111
2025-04-14T21:50:00Z,32,78.799,25.99944444
2025-04-14T22:00:00Z,32.399,78.599,25.88833333
2025-04-14T22:10:00Z,32,79.2,26.22222222
2025-04-14T22:20:00Z,32.799,78.799,25.99944444
2025-04-14T22:30:00Z,32.6,78.599,25.88833333
2025-04-14T22:40:00Z,32.6,79,26.11111111
2025-04-14T22:50:00Z,33,79,26.11111111
2025-04-14T23:00:00Z,31.399,78.4,25.77777778
2025-04-14T23:10:00Z,30.8,78.2,25.66666667
2025-04-14T23:20:00Z,30.199,78,25.55555556
2025-04-14T23:30:00Z,31,78,25.55555556
2025-04-14T23:40:00Z,31,78,25.55555556
2025-04-14T23:50:00Z,32,77.599,25.33277778
2025-04-15T00:00:00Z,32,77.2,25.11111111
2025-04-15T00:10:00Z,32.2,77,25
2025-04-15T00:20:00Z,32.799,77,25
2025-04-15T00:30:00Z,33,77,25
2025-04-15T00:40:00Z,33.799,76.799,24.88833333
2025-04-15T00:50:00Z,34,77,25
2025-04-15T01:00:00Z,33.799,77,25
2025-04-15T01:10:00Z,33.799,76,24.44444444
2025-04-15T01:20:00Z,34,75.599,24.22166667
2025-04-15T01:30:00Z,34.399,75.4,24.11111111
2025-04-15T01:40:00Z,35,75,23.88888889
2025-04-15T01:50:00Z,35,74.599,23.66611111
2025-04-15T02:00:00Z,35.399,74,23.33333333
2025-04-15T02:10:00Z,36.399,73.599,23.11055556
2025-04-15T02:20:00Z,37.399,73,22.77777778
2025-04-15T02:30:00Z,38.2,73,22.77777778
2025-04-15T02:40:00Z,39.2,72.4,22.44444444
2025-04-15T02:50:00Z,40.6,72,22.22222222
2025-04-15T03:00:00Z,41.6,71.599,21.99944444
2025-04-15T03:10:00Z,42.2,71.4,21.88888889
2025-04-15T03:20:00Z,43,71.4,21.88888889
2025-04-15T03:30:00Z,43.399,71.2,21.77777778
2025-04-15T03:40:00Z,44,71,21.66666667
2025-04-15T03:50:00Z,43.799,71,21.66666667
2025-04-15T04:00:00Z,43.799,71.2,21.77777778
2025-04-15T04:10:00Z,44.799,71,21.66666667
2025-04-15T04:20:00Z,45,71,21.66666667
2025-04-15T04:30:00Z,45.799,70.4,21.33333333
2025-04-15T04:40:00Z,46.799,70.2,21.22222222
2025-04-15T04:50:00Z,47.2,70,21.11111111
2025-04-15T05:00:00Z,47.6,69.599,20.88833333
2025-04-15T05:10:00Z,47.2,69.4,20.77777778
2025-04-15T05:20:00Z,45.6,69.4,20.77777778
2025-04-15T05:30:00Z,43.6,69.599,20.88833333
2025-04-15T05:40:00Z,34.399,69.4,20.77777778
2025-04-15T05:50:00Z,25.6,69,20.55555556
2025-04-15T06:00:00Z,23.8,69,20.55555556
2025-04-15T06:10:00Z,23.399,68.2,20.11111111
2025-04-15T06:20:00Z,23.6,68,20
2025-04-15T06:30:00Z,24.399,67.4,19.66666667
2025-04-15T06:40:00Z,25.399,67,19.44444444
2025-04-15T06:50:00Z,26,66.599,19.22166667
2025-04-15T07:00:00Z,26.6,66,18.88888889
2025-04-15T07:10:00Z,27.199,65.4,18.55555556
2025-04-15T07:20:00Z,28,64.799,18.22166667
2025-04-15T07:30:00Z,28,64.799,18.22166667
2025-04-15T07:40:00Z,28,64.799,18.22166667
2025-04-15T07:50:00Z,28,64.2,17.88888889
2025-04-15T08:00:00Z,28.199,64,17.77777778
2025-04-15T08:10:00Z,28.399,64.4,18
2025-04-15T08:20:00Z,28.6,64,17.77777778
2025-04-15T08:30:00Z,29,63.799,17.66611111
2025-04-15T08:40:00Z,29.199,63.6,17.55555556
2025-04-15T08:50:00Z,29,63.2,17.33333333
2025-04-15T09:00:00Z,29.399,63,17.22222222
2025-04-15T09:10:00Z,29.199,63.2,17.33333333
2025-04-15T09:20:00Z,29.8,63,17.22222222
2025-04-15T09:30:00Z,29.199,63,17.22222222
2025-04-15T09:40:00Z,29.199,62.799,17.11055556
2025-04-15T09:50:00Z,29.6,62.6,17
2025-04-15T10:00:00Z,29.8,62.2,16.77777778
2025-04-15T10:10:00Z,29.6,62.2,16.77777778
2025-04-15T10:20:00Z,30.199,62.2,16.77777778
2025-04-15T10:30:00Z,30.199,61.799,16.555
2025-04-15T10:40:00Z,30.199,62,16.66666667
2025-04-15T10:50:00Z,30.8,61.2,16.22222222
2025-04-15T11:00:00Z,31,61,16.11111111
2025-04-15T11:10:00Z,30.399,61.799,16.555
2025-04-15T11:20:00Z,30.399,61.6,16.44444444
2025-04-15T11:30:00Z,30.199,61.2,16.22222222
2025-04-15T11:40:00Z,29.8,61.2,16.22222222
2025-04-15T11:50:00Z,28.8,61.2,16.22222222
2025-04-15T12:00:00Z,28.199,61.2,16.22222222
2025-04-15T12:10:00Z,28,61.399,16.33277778
2025-04-15T12:20:00Z,27.8,61.799,16.555
2025-04-15T12:30:00Z,28,62.2,16.77777778
2025-04-15T12:40:00Z,27.6,62.399,16.88833333
2025-04-15T12:50:00Z,27.6,62.399,16.88833333
2025-04-15T13:00:00Z,25.6,65.4,18.55555556
2025-04-15T13:10:00Z,25.399,64.799,18.22166667
2025-04-15T13:20:00Z,28,62.6,17
2025-04-15T13:30:00Z,33.6,60.2,15.66666667
2025-04-15T13:40:00Z,35.6,59.2,15.11111111
2025-04-15T13:50:00Z,41.6,57.6,14.22222222
2025-04-15T14:00:00Z,41.399,57.2,14
2025-04-15T14:10:00Z,40.399,57.6,14.22222222
2025-04-15T14:20:00Z,39.399,58.2,14.55555556
2025-04-15T14:30:00Z,36.399,60.2,15.66666667
2025-04-15T14:40:00Z,29.199,66.2,19
2025-04-15T14:50:00Z,25.8,66.4,19.11111111
2025-04-15T15:00:00Z,25.199,67.599,19.77722222
2025-04-15T15:10:00Z,23.399,68.799,20.44388889
2025-04-15T15:20:00Z,22.399,70,21.11111111
2025-04-15T15:30:00Z,25,66.599,19.22166667
2025-04-15T15:40:00Z,26.199,65.799,18.77722222
2025-04-15T15:50:00Z,26.8,63.399,17.44388889
2025-04-15T16:00:00Z,31.8,61.399,16.33277778
2025-04-15T16:10:00Z,31.8,62.799,17.11055556
2025-04-15T16:20:00Z,28.8,61.6,16.44444444
2025-04-15T16:30:00Z,26.8,61.399,16.33277778
2025-04-15T16:40:00Z,29.8,60.399,15.77722222
2025-04-15T16:50:00Z,29,61.399,16.33277778
2025-04-15T17:00:00Z,29,61.399,16.33277778
2025-04-15T17:10:00Z,27.199,60.799,15.99944444
2025-04-15T17:20:00Z,26.6,61,16.11111111
2025-04-15T17:30:00Z,27.6,61.2,16.22222222
2025-04-15T17:40:00Z,33,59.399,15.22166667
2025-04-15T17:50:00Z,35.2,59.799,15.44388889
2025-04-15T18:00:00Z,33,60.6,15.88888889
2025-04-15T18:10:00Z,29,60,15.55555556
2025-04-15T18:20:00Z,26.6,60.6,15.88888889
2025-04-15T18:30:00Z,27.6,59.2,15.11111111
2025-04-15T18:40:00Z,27,59,15
2025-04-15T18:50:00Z,28.6,58.399,14.66611111
2025-04-15T19:00:00Z,36.799,57,13.88888889
2025-04-15T19:10:00Z,39.799,56.799,13.77722222
2025-04-15T19:20:00Z,45.799,55,12.77777778
2025-04-15T19:30:00Z,45.6,55.6,13.11111111
2025-04-15T19:40:00Z,45.2,55.2,12.88888889
2025-04-15T19:50:00Z,42.6,55.799,13.22166667
2025-04-15T20:00:00Z,40.399,55.799,13.22166667
2025-04-15T20:10:00Z,49.2,53,11.66666667
2025-04-15T20:20:00Z,51,52.2,11.22222222
2025-04-15T20:30:00Z,51.2,52.6,11.44444444
2025-04-15T20:40:00Z,50.6,52.6,11.44444444
2025-04-15T20:50:00Z,50.6,52.2,11.22222222
2025-04-15T21:00:00Z,51.399,52.399,11.33277778
2025-04-15T21:10:00Z,50.399,51.799,10.99944444
2025-04-15T21:20:00Z,48.6,52.399,11.33277778
2025-04-15T21:30:00Z,47.6,52.799,11.555
2025-04-15T21:40:00Z,47.6,53.399,11.88833333
2025-04-15T21:50:00Z,45.2,53.2,11.77777778
2025-04-15T22:00:00Z,43.799,53,11.66666667
2025-04-15T22:10:00Z,43.2,53,11.66666667
2025-04-15T22:20:00Z,42.799,53,11.66666667
2025-04-15T22:30:00Z,42.399,53.2,11.77777778
2025-04-15T22:40:00Z,42.2,52.799,11.555
2025-04-15T22:50:00Z,41.799,53,11.66666667
2025-04-15T23:00:00Z,41.799,52.799,11.555
2025-04-15T23:10:00Z,41.799,52.399,11.33277778
2025-04-15T23:20:00Z,41.799,52.6,11.44444444
2025-04-15T23:30:00Z,42,52.799,11.555
2025-04-15T23:40:00Z,42,52.6,11.44444444
2025-04-15T23:50:00Z,43.2,52.2,11.22222222
2025-04-16T00:00:00Z,43.799,52,11.11111111
2025-04-16T00:10:00Z,43.2,51.799,10.99944444
2025-04-16T00:20:00Z,42.399,51.6,10.88888889
2025-04-16T00:30:00Z,41.399,51.799,10.99944444
2025-04-16T00:40:00Z,41.399,51,10.55555556
2025-04-16T00:50:00Z,42.6,51,10.55555556
2025-04-16T01:00:00Z,42.799,51,10.55555556
2025-04-16T01:10:00Z,43.799,50.6,10.33333333
2025-04-16T01:20:00Z,44.6,50.799,10.44388889
2025-04-16T01:30:00Z,45.399,50.2,10.11111111
2025-04-16T01:40:00Z,45.6,50,10
2025-04-16T01:50:00Z,45.6,50.399,10.22166667
2025-04-16T02:00:00Z,46,50.6,10.33333333
2025-04-16T02:10:00Z,46.399,50,10
2025-04-16T02:20:00Z,47.399,49.799,9.888333333
2025-04-16T02:30:00Z,47.399,50,10
2025-04-16T02:40:00Z,47.799,49.799,9.888333333
2025-04-16T02:50:00Z,47.799,50.2,10.11111111
2025-04-16T03:00:00Z,48.2,50,10
2025-04-16T03:10:00Z,48.2,49.799,9.888333333
2025-04-16T03:20:00Z,48.399,50,10
2025-04-16T03:30:00Z,48.6,50,10
2025-04-16T03:40:00Z,47.799,50,10
2025-04-16T03:50:00Z,47.2,49.399,9.666111111
2025-04-16T04:00:00Z,47,49.6,9.777777778
2025-04-16T04:10:00Z,46.399,49.6,9.777777778
2025-04-16T04:20:00Z,46.2,49.2,9.555555556
2025-04-16T04:30:00Z,45.799,49,9.444444444
2025-04-16T04:40:00Z,45,49,9.444444444
2025-04-16T04:50:00Z,44.399,49.2,9.555555556
2025-04-16T05:00:00Z,43.2,50,10
2025-04-16T05:10:00Z,42.799,49.799,9.888333333
2025-04-16T05:20:00Z,41.6,49.799,9.888333333
2025-04-16T05:30:00Z,41.399,50,10
2025-04-16T05:40:00Z,40.799,50,10
2025-04-16T05:50:00Z,40.399,50,10
2025-04-16T06:00:00Z,39.799,50,10
2025-04-16T06:10:00Z,39.799,50,10
2025-04-16T06:20:00Z,40,49.399,9.666111111
2025-04-16T06:30:00Z,40,49.799,9.888333333
2025-04-16T06:40:00Z,40.2,49.2,9.555555556
2025-04-16T06:50:00Z,40.6,49,9.444444444
2025-04-16T07:00:00Z,41,49.399,9.666111111
2025-04-16T07:10:00Z,40.399,49.799,9.888333333
2025-04-16T07:20:00Z,41,49,9.444444444
2025-04-16T07:30:00Z,41,49,9.444444444
2025-04-16T07:40:00Z,41.399,49,9.444444444
2025-04-16T07:50:00Z,42,48.6,9.222222222
2025-04-16T08:00:00Z,41.799,49,9.444444444
2025-04-16T08:10:00Z,41.799,48.799,9.332777778
2025-04-16T08:20:00Z,41.799,48.6,9.222222222
2025-04-16T08:30:00Z,42,48.799,9.332777778
2025-04-16T08:40:00Z,42,49,9.444444444
2025-04-16T08:50:00Z,42,49,9.444444444
2025-04-16T09:00:00Z,42,49,9.444444444
2025-04-16T09:10:00Z,42.2,49,9.444444444
2025-04-16T09:20:00Z,42.399,49,9.444444444
2025-04-16T09:30:00Z,42.6,49,9.444444444
2025-04-16T09:40:00Z,42.799,48.799,9.332777778
2025-04-16T09:50:00Z,43.2,48.6,9.222222222
2025-04-16T10:00:00Z,43.6,49,9.444444444
2025-04-16T10:10:00Z,43.399,49,9.444444444
2025-04-16T10:20:00Z,43,49,9.444444444
2025-04-16T10:30:00Z,43.6,49,9.444444444
2025-04-16T10:40:00Z,44,48.6,9.222222222
2025-04-16T10:50:00Z,43.6,49,9.444444444
2025-04-16T11:00:00Z,43.6,49,9.444444444
2025-04-16T11:10:00Z,43,49,9.444444444
2025-04-16T11:20:00Z,43,49,9.444444444
2025-04-16T11:30:00Z,42.6,49.399,9.666111111
2025-04-16T11:40:00Z,41.799,49.6,9.777777778
2025-04-16T11:50:00Z,41.399,49.6,9.777777778
2025-04-16T12:00:00Z,42.2,49,9.444444444
2025-04-16T12:10:00Z,42.799,49,9.444444444
2025-04-16T12:20:00Z,42.799,49.2,9.555555556
2025-04-16T12:30:00Z,42.2,49.799,9.888333333
2025-04-16T12:40:00Z,42.2,50.399,10.22166667
2025-04-16T12:50:00Z,38.6,53,11.66666667
2025-04-16T13:00:00Z,39.2,51.6,10.88888889
2025-04-16T13:10:00Z,39.2,51.6,10.88888889
2025-04-16T13:20:00Z,39.6,51.399,10.77722222
2025-04-16T13:30:00Z,39.2,51.799,10.99944444
2025-04-16T13:40:00Z,39.399,51.6,10.88888889
2025-04-16T13:50:00Z,39.6,51,10.55555556
2025-04-16T14:00:00Z,40,50.6,10.33333333
2025-04-16T14:10:00Z,39.399,51,10.55555556
2025-04-16T14:20:00Z,39.799,51.2,10.66666667
2025-04-16T14:30:00Z,37.399,52,11.11111111
2025-04-16T14:40:00Z,36,53,11.66666667
2025-04-16T14:50:00Z,35,54.6,12.55555556
2025-04-16T15:00:00Z,31.8,57.799,14.33277778
2025-04-16T15:10:00Z,30.6,57.399,14.11055556
2025-04-16T15:20:00Z,30.199,59.399,15.22166667
2025-04-16T15:30:00Z,30.6,57.2,14
2025-04-16T15:40:00Z,31.199,57.799,14.33277778
2025-04-16T15:50:00Z,31,57.6,14.22222222
2025-04-16T16:00:00Z,30.399,57.799,14.33277778
2025-04-16T16:10:00Z,29.8,57.2,14
2025-04-16T16:20:00Z,29.6,57.6,14.22222222
2025-04-16T16:30:00Z,30,56.799,13.77722222
2025-04-16T16:40:00Z,30.199,57.6,14.22222222
2025-04-16T16:50:00Z,30,56.799,13.77722222
2025-04-16T17:00:00Z,30.199,57,13.88888889
2025-04-16T17:10:00Z,29.199,57.399,14.11055556
2025-04-16T17:20:00Z,29,57,13.88888889
2025-04-16T17:30:00Z,29.399,56.799,13.77722222
2025-04-16T17:40:00Z,28,56.2,13.44444444
2025-04-16T17:50:00Z,29.399,57.6,14.22222222
2025-04-16T18:00:00Z,28,58,14.44444444
2025-04-16T18:10:00Z,27.8,58.2,14.55555556
2025-04-16T18:20:00Z,28.399,58.2,14.55555556
2025-04-16T18:30:00Z,27.199,58,14.44444444
2025-04-16T18:40:00Z,27,58,14.44444444
2025-04-16T18:50:00Z,27.399,58.2,14.55555556
2025-04-16T19:00:00Z,27.199,58.2,14.55555556
2025-04-16T19:10:00Z,26.399,58.2,14.55555556
2025-04-16T19:20:00Z,26.6,58,14.44444444
2025-04-16T19:30:00Z,26.399,58.399,14.66611111
2025-04-16T19:40:00Z,26.399,59,15
2025-04-16T19:50:00Z,26,59.399,15.22166667
2025-04-16T20:00:00Z,26,58.799,14.88833333
2025-04-16T20:10:00Z,26,58.799,14.88833333
2025-04-16T20:20:00Z,25.399,59,15
2025-04-16T20:30:00Z,25.6,58.6,14.77777778
2025-04-16T20:40:00Z,25.6,58.799,14.88833333
2025-04-16T20:50:00Z,25.8,58.799,14.88833333
2025-04-16T21:00:00Z,25.8,58.2,14.55555556
2025-04-16T21:10:00Z,26,58,14.44444444
2025-04-16T21:20:00Z,26,58.6,14.77777778
2025-04-16T21:30:00Z,26,58,14.44444444
2025-04-16T21:40:00Z,26.199,58.6,14.77777778
2025-04-16T21:50:00Z,26.6,58.2,14.55555556
2025-04-16T22:00:00Z,26.399,57.799,14.33277778
2025-04-16T22:10:00Z,27,57.6,14.22222222
2025-04-16T22:20:00Z,27.199,57,13.88888889
2025-04-16T22:30:00Z,27,57,13.88888889
2025-04-16T22:40:00Z,27.199,57,13.88888889
